"ID","Symbol","Name","Expression","Other databases"
"10157","AASS","aminoadipate-semialdehyde synthase","Under-expressed","GA:Sc"
"21","ABCA3","ATP binding cassette subfamily A member 3","Over-expressed",""
"171586","ABHD3","abhydrolase domain containing 3, phospholipase","Under-expressed",""
"63874","ABHD4","abhydrolase domain containing 4, N-acyl phospholipase B","Over-expressed","GA:Hsµ"
"86","ACTL6A","actin like 6A","Under-expressed","GA:Sc"
"79913","ACTR5","actin related protein 5","Under-expressed",""
"98","ACYP2","acylphosphatase 2","Over-expressed",""
"8728","ADAM19","ADAM metallopeptidase domain 19","Over-expressed",""
"8745","ADAM23","ADAM metallopeptidase domain 23","Over-expressed",""
"11096","ADAMTS5","ADAM metallopeptidase with thrombospondin type 1 motif 5","Over-expressed",""
"11174","ADAMTS6","ADAM metallopeptidase with thrombospondin type 1 motif 6","Under-expressed",""
"166647","ADGRA3","adhesion G protein-coupled receptor A3","Under-expressed",""
"51094","ADIPOR1","adiponectin receptor 1","Over-expressed",""
"158","ADSL","adenylosuccinate lyase","Under-expressed",""
"165","AEBP1","AE binding protein 1","Under-expressed",""
"23382","AHCYL2","adenosylhomocysteinase like 2","Over-expressed","GA:DmGA:Dm"
"113146","AHNAK2","AHNAK nucleoprotein 2","Over-expressed",""
"50808","AK3","adenylate kinase 3","Over-expressed",""
"9590","AKAP12","A-kinase anchoring protein 12","Under-expressed",""
"231","AKR1B1","aldo-keto reductase family 1 member B","Over-expressed","GA:ScCA:Hs"
"121642","ALKBH2","alkB homolog 2, alpha-ketoglutarate dependent dioxygenase","Under-expressed",""
"10189","ALYREF","Aly/REF export factor","Under-expressed",""
"272","AMPD3","adenosine monophosphate deaminase 3","Over-expressed","GA:ScGA:Hsµ"
"273","AMPH","amphiphysin","Under-expressed",""
"284","ANGPT1","angiopoietin 1","Over-expressed",""
"51129","ANGPTL4","angiopoietin like 4","Over-expressed","DR:Mm"
"27063","ANKRD1","ankyrin repeat domain 1","Over-expressed",""
"147463","ANKRD29","ankyrin repeat domain 29","Over-expressed",""
"54443","ANLN","anillin actin binding protein","Under-expressed","CA:Hs"
"55129","ANO10","anoctamin 10","Over-expressed",""
"8125","ANP32A","acidic nuclear phosphoprotein 32 family member A","Under-expressed",""
"10541","ANP32B","acidic nuclear phosphoprotein 32 family member B","Under-expressed","GA:Hsµ"
"81611","ANP32E","acidic nuclear phosphoprotein 32 family member E","Under-expressed",""
"84168","ANTXR1","ANTXR cell adhesion molecule 1","Over-expressed",""
"307","ANXA4","annexin A4","Over-expressed","GA:Hsµ"
"316","AOX1","aldehyde oxidase 1","Over-expressed","GA:CeGA:DmGA:HsµL:Hs"
"164284","APCDD1L","APC down-regulated 1 like","Under-expressed",""
"328","APEX1","apurinic/apyrimidinic endodeoxyribonuclease 1","Under-expressed","GA:CeGA:HsL:HsCA:Hs"
"27301","APEX2","apurinic/apyrimidinic endodeoxyribonuclease 2","Under-expressed",""
"83464","APH1B","aph-1 homolog B, gamma-secretase subunit","Over-expressed",""
"333","APLP1","amyloid beta precursor like protein 1","Over-expressed","GA:Ce"
"9582","APOBEC3B","apolipoprotein B mRNA editing enzyme catalytic subunit 3B","Under-expressed",""
"341","APOC1","apolipoprotein C1","Under-expressed","L:Hs"
"23780","APOL2","apolipoprotein L2","Over-expressed",""
"351","APP","amyloid beta precursor protein","Over-expressed","GA:HsGA:Hsµ"
"378","ARF4","ADP ribosylation factor 4","Over-expressed",""
"9824","ARHGAP11A","Rho GTPase activating protein 11A","Under-expressed",""
"9411","ARHGAP29","Rho GTPase activating protein 29","Over-expressed",""
"50650","ARHGEF3","Rho guanine nucleotide exchange factor 3","Over-expressed","GA:Sc"
"389337","ARHGEF37","Rho guanine nucleotide exchange factor 37","Over-expressed",""
"54622","ARL15","ADP ribosylation factor like GTPase 15","Over-expressed",""
"151188","ARL6IP6","ADP ribosylation factor like GTPase 6 interacting protein 6","Under-expressed",""
"80210","ARMC9","armadillo repeat containing 9","Over-expressed",""
"51566","ARMCX3","armadillo repeat containing X-linked 3","Over-expressed",""
"91947","ARRDC4","arrestin domain containing 4","Over-expressed",""
"57412","AS3MT","arsenite methyltransferase","Under-expressed",""
"427","ASAH1","N-acylsphingosine amidohydrolase 1","Over-expressed","GA:HsµCA:Hs"
"55723","ASF1B","anti-silencing function 1B histone chaperone","Under-expressed","GA:Sc"
"440","ASNS","asparagine synthetase (glutamine-hydrolyzing)","Under-expressed",""
"259266","ASPM","assembly factor for spindle microtubules","Under-expressed",""
"29028","ATAD2","ATPase family AAA domain containing 2","Under-expressed","GA:Sc"
"115201","ATG4A","autophagy related 4A cysteine peptidase","Over-expressed","GA:Ce"
"57205","ATP10D","ATPase phospholipid transporting 10D (putative)","Over-expressed",""
"493","ATP2B4","ATPase plasma membrane Ca2+ transporting 4","Over-expressed",""
"509","ATP5F1C","ATP synthase F1 subunit gamma","Under-expressed","GA:ScGA:Hsµ"
"537","ATP6AP1","ATPase H+ transporting accessory protein 1","Over-expressed",""
"10159","ATP6AP2","ATPase H+ transporting accessory protein 2","Over-expressed",""
"50617","ATP6V0A4","ATPase H+ transporting V0 subunit a4","Over-expressed","GA:Sc"
"527","ATP6V0C","ATPase H+ transporting V0 subunit c","Over-expressed","CA:Hs"
"9114","ATP6V0D1","ATPase H+ transporting V0 subunit d1","Over-expressed","GA:ScDR:Sc"
"8992","ATP6V0E1","ATPase H+ transporting V0 subunit e1","Over-expressed",""
"523","ATP6V1A","ATPase H+ transporting V1 subunit A","Over-expressed","GA:Sc"
"9550","ATP6V1G1","ATPase H+ transporting V1 subunit G1","Over-expressed",""
"6790","AURKA","aurora kinase A","Under-expressed","CA:Hs"
"9212","AURKB","aurora kinase B","Under-expressed","CA:Hs"
"55971","BAIAP2L1","BAR/IMD domain containing adaptor protein 2 like 1","Over-expressed",""
"8815","BANF1","BAF nuclear assembly factor 1","Under-expressed",""
"580","BARD1","BRCA1 associated RING domain 1","Under-expressed",""
"11177","BAZ1A","bromodomain adjacent to zinc finger domain 1A","Under-expressed","GA:ScCA:Hs"
"9031","BAZ1B","bromodomain adjacent to zinc finger domain 1B","Under-expressed","GA:Sc"
"83596","BCL2L12","BCL2 like 12","Under-expressed",""
"617","BCS1L","BCS1 homolog, ubiquinol-cytochrome c reductase complex chaperone","Under-expressed","GA:Sc"
"633","BGN","biglycan","Under-expressed",""
"332","BIRC5","baculoviral IAP repeat containing 5","Under-expressed","CA:Hs"
"10904","BLCAP","BLCAP apoptosis inducing factor","Over-expressed",""
"641","BLM","BLM RecQ like helicase","Under-expressed","GA:ScGA:CeGA:HsL:Hs"
"154743","BMT2","base methyltransferase of 25S rRNA 2 homolog","Over-expressed",""
"79866","BORA","BORA aurora kinase A activator","Under-expressed",""
"669","BPGM","bisphosphoglycerate mutase","Over-expressed",""
"672","BRCA1","BRCA1 DNA repair associated","Under-expressed","GA:MmGA:HsL:HsCA:Hs"
"25798","BRI3","brain protein I3","Over-expressed",""
"140707","BRI3BP","BRI3 binding protein","Under-expressed",""
"83990","BRIP1","BRCA1 interacting protein C-terminal helicase 1","Under-expressed","GA:ScL:HsCA:Hs"
"55299","BRIX1","biogenesis of ribosomes BRX1","Under-expressed",""
"55108","BSDC1","BSD domain containing 1","Over-expressed",""
"685","BTC","betacellulin","Over-expressed",""
"7832","BTG2","BTG anti-proliferation factor 2","Over-expressed","CA:Hs"
"699","BUB1","BUB1 mitotic checkpoint serine/threonine kinase","Under-expressed","CA:Hs"
"701","BUB1B","BUB1 mitotic checkpoint serine/threonine kinase B","Under-expressed","GA:MmGA:HsCA:Hs"
"9184","BUB3","BUB3 mitotic checkpoint protein","Under-expressed","GA:MmGA:CeGA:Hs"
"84811","BUD13","BUD13 homolog","Under-expressed",""
"387763","C11orf96","chromosome 11 open reading frame 96","Over-expressed",""
"121053","C12orf45","chromosome 12 open reading frame 45","Under-expressed",""
"84419","C15orf48","chromosome 15 open reading frame 48","Over-expressed",""
"147685","C19orf18","chromosome 19 open reading frame 18","Over-expressed",""
"84798","C19orf48","chromosome 19 open reading frame 48","Under-expressed",""
"339448","C1orf174","chromosome 1 open reading frame 174","Under-expressed",""
"84886","C1orf198","chromosome 1 open reading frame 198","Over-expressed",""
"708","C1QBP","complement C1q binding protein","Under-expressed",""
"718","C3","complement C3","Over-expressed","GA:HsµL:Hs"
"57415","C3orf14","chromosome 3 open reading frame 14","Under-expressed",""
"389336","C5orf46","chromosome 5 open reading frame 46","Over-expressed",""
"401466","C8orf59","ribosomal biogenesis factor","Under-expressed",""
"100127983","C8orf88","chromosome 8 open reading frame 88","Under-expressed",""
"84267","C9orf64","chromosome 9 open reading frame 64","Under-expressed",""
"57658","CALCOCO1","calcium binding and coiled-coil domain 1","Over-expressed",""
"800","CALD1","caldesmon 1","Over-expressed",""
"91860","CALML4","calmodulin like 4","Under-expressed",""
"10486","CAP2","cyclase associated actin cytoskeleton regulatory protein 2","Over-expressed",""
"834","CASP1","caspase 1","Under-expressed","GA:CeGA:CeGA:Hsµ"
"352954","CASTOR3","CASTOR family member 3","Over-expressed",""
"858","CAV2","caveolin 2","Over-expressed",""
"347273","CAVIN4","caveolae associated protein 4","Over-expressed",""
"874","CBR3","carbonyl reductase 3","Under-expressed",""
"875","CBS","cystathionine beta-synthase","Under-expressed","GA:ScGA:DmDR:DmCA:Hs"
"11335","CBX3","chromobox 3","Under-expressed",""
"23468","CBX5","chromobox 5","Under-expressed","GA:DmCA:Hs"
"23492","CBX7","chromobox 7","Over-expressed","CA:Hs"
"147372","CCBE1","collagen and calcium binding EGF domains 1","Under-expressed",""
"165055","CCDC138","coiled-coil domain containing 138","Under-expressed",""
"131076","CCDC58","coiled-coil domain containing 58","Under-expressed",""
"84318","CCDC77","coiled-coil domain containing 77","Under-expressed",""
"83987","CCDC8","coiled-coil domain containing 8","Under-expressed",""
"388115","CCDC9B","coiled-coil domain containing 9B","Over-expressed",""
"890","CCNA2","cyclin A2","Under-expressed","GA:ScGA:ScGA:HsCA:Hs"
"891","CCNB1","cyclin B1","Under-expressed","GA:ScGA:ScCA:Hs"
"9133","CCNB2","cyclin B2","Under-expressed","GA:ScGA:Sc"
"595","CCND1","cyclin D1","Over-expressed","GA:ScGA:ScL:HsCA:Hs"
"894","CCND2","cyclin D2","Over-expressed","GA:ScGA:Sc"
"9134","CCNE2","cyclin E2","Under-expressed","GA:ScGA:Sc"
"899","CCNF","cyclin F","Under-expressed",""
"900","CCNG1","cyclin G1","Over-expressed","GA:Hsµ"
"54619","CCNJ","cyclin J","Under-expressed",""
"10576","CCT2","chaperonin containing TCP1 subunit 2","Under-expressed",""
"22948","CCT5","chaperonin containing TCP1 subunit 5","Under-expressed",""
"283316","CD163L1","CD163 molecule like 1","Over-expressed","GA:Dm"
"948","CD36","CD36 molecule","Over-expressed",""
"975","CD81","CD81 molecule","Over-expressed",""
"991","CDC20","cell division cycle 20","Under-expressed","GA:CeGA:Sc"
"994","CDC25B","cell division cycle 25B","Under-expressed","GA:CeGA:Ce"
"995","CDC25C","cell division cycle 25C","Under-expressed","GA:CeGA:Ce"
"23580","CDC42EP4","CDC42 effector protein 4","Under-expressed",""
"8318","CDC45","cell division cycle 45","Under-expressed","CA:Hs"
"990","CDC6","cell division cycle 6","Under-expressed","GA:ScCA:Hs"
"8317","CDC7","cell division cycle 7","Under-expressed","CA:Hs"
"157313","CDCA2","cell division cycle associated 2","Under-expressed","CA:Hs"
"83461","CDCA3","cell division cycle associated 3","Under-expressed",""
"55038","CDCA4","cell division cycle associated 4","Under-expressed","CA:Hs"
"113130","CDCA5","cell division cycle associated 5","Under-expressed",""
"83879","CDCA7","cell division cycle associated 7","Under-expressed",""
"55536","CDCA7L","cell division cycle associated 7 like","Under-expressed",""
"55143","CDCA8","cell division cycle associated 8","Under-expressed",""
"1008","CDH10","cadherin 10","Over-expressed",""
"1009","CDH11","cadherin 11","Under-expressed",""
"983","CDK1","cyclin dependent kinase 1","Under-expressed","GA:HsCA:Hs"
"1017","CDK2","cyclin dependent kinase 2","Under-expressed","CA:Hs"
"1019","CDK4","cyclin dependent kinase 4","Under-expressed","CA:Hs"
"55755","CDK5RAP2","CDK5 regulatory subunit associated protein 2","Under-expressed",""
"1026","CDKN1A","cyclin dependent kinase inhibitor 1A","Over-expressed","GA:MmGA:HsGA:HsµL:HsCA:Hs"
"1029","CDKN2A","cyclin dependent kinase inhibitor 2A","Over-expressed","GA:HsL:HsCA:Hs"
"1030","CDKN2B","cyclin dependent kinase inhibitor 2B","Over-expressed","GA:HsL:HsCA:Hs"
"1031","CDKN2C","cyclin dependent kinase inhibitor 2C","Under-expressed","L:Hs"
"1033","CDKN3","cyclin dependent kinase inhibitor 3","Under-expressed",""
"81620","CDT1","chromatin licensing and DNA replication factor 1","Under-expressed",""
"10153","CEBPZ","CCAAT enhancer binding protein zeta","Under-expressed",""
"1058","CENPA","centromere protein A","Under-expressed","CA:Hs"
"1062","CENPE","centromere protein E","Under-expressed",""
"1063","CENPF","centromere protein F","Under-expressed",""
"64946","CENPH","centromere protein H","Under-expressed",""
"2491","CENPI","centromere protein I","Under-expressed",""
"55835","CENPJ","centromere protein J","Under-expressed",""
"64105","CENPK","centromere protein K","Under-expressed",""
"79019","CENPM","centromere protein M","Under-expressed",""
"55839","CENPN","centromere protein N","Under-expressed",""
"55166","CENPQ","centromere protein Q","Under-expressed",""
"79682","CENPU","centromere protein U","Under-expressed",""
"387103","CENPW","centromere protein W","Under-expressed",""
"145508","CEP128","centrosomal protein 128","Under-expressed","L:Hs"
"9662","CEP135","centrosomal protein 135","Under-expressed",""
"22832","CEP162","centrosomal protein 162","Under-expressed",""
"55165","CEP55","centrosomal protein 55","Under-expressed",""
"9702","CEP57","centrosomal protein 57","Under-expressed",""
"285753","CEP57L1","centrosomal protein 57 like 1","Under-expressed",""
"80321","CEP70","centrosomal protein 70","Under-expressed",""
"84131","CEP78","centrosomal protein 78","Under-expressed",""
"51134","CEP83","centrosomal protein 83","Under-expressed",""
"51148","CERCAM","cerebral endothelial cell adhesion molecule","Over-expressed",""
"115004","CGAS","cyclic GMP-AMP synthase","Under-expressed",""
"10036","CHAF1A","chromatin assembly factor 1 subunit A","Under-expressed",""
"8208","CHAF1B","chromatin assembly factor 1 subunit B","Under-expressed","CA:Hs"
"1105","CHD1","chromodomain helicase DNA binding protein 1","Under-expressed","GA:Sc"
"1111","CHEK1","checkpoint kinase 1","Under-expressed","GA:CeCA:Hs"
"54480","CHPF2","chondroitin polymerizing factor 2","Over-expressed",""
"57650","CIP2A","cellular inhibitor of PP2A","Under-expressed","CA:Hs"
"11113","CIT","citron rho-interacting serine/threonine kinase","Under-expressed","CA:Hs"
"10370","CITED2","Cbp/p300 interacting transactivator with Glu/Asp rich carboxy-terminal domain 2","Over-expressed",""
"26586","CKAP2","cytoskeleton associated protein 2","Under-expressed","CA:Hs"
"150468","CKAP2L","cytoskeleton associated protein 2 like","Under-expressed",""
"1163","CKS1B","CDC28 protein kinase regulatory subunit 1B","Under-expressed",""
"1164","CKS2","CDC28 protein kinase regulatory subunit 2","Under-expressed",""
"9076","CLDN1","claudin 1","Over-expressed","DR:Mm"
"5010","CLDN11","claudin 11","Under-expressed",""
"25999","CLIP3","CAP-Gly domain containing linker protein 3","Over-expressed",""
"2055","CLN8","complement factor H","Over-expressed",""
"63967","CLSPN","claspin","Under-expressed","CA:Hs"
"56942","CMC2","C-X9-C motif containing 2","Under-expressed",""
"84319","CMSS1","cms1 ribosomal small subunit homolog","Under-expressed",""
"202333","CMYA5","cardiomyopathy associated 5","Over-expressed",""
"1264","CNN1","calponin 1","Over-expressed","GA:Sc"
"54805","CNNM2","cyclin and CBS domain divalent metal cation transport mediator 2","Over-expressed",""
"57472","CNOT6","CCR4-NOT transcription complex subunit 6","Under-expressed","GA:CeCA:Hs"
"25927","CNRIP1","cannabinoid receptor interacting protein 1","Under-expressed",""
"11064","CNTRL","centriolin","Under-expressed","GA:Hsµ"
"22837","COBLL1","cordon-bleu WH2 repeat protein like 1","Over-expressed","DR:Mm"
"1306","COL15A1","collagen type XV alpha 1 chain","Under-expressed","GA:HsµDR:Mm"
"50509","COL5A3","collagen type V alpha 3 chain","Under-expressed",""
"1293","COL6A3","collagen type VI alpha 3 chain","Under-expressed","L:Hs"
"1295","COL8A1","collagen type VIII alpha 1 chain","Over-expressed",""
"81035","COLEC12","collectin subfamily member 12","Under-expressed",""
"80219","COQ10B","coenzyme Q10B","Over-expressed",""
"27235","COQ2","coenzyme Q2, polyprenyltransferase","Under-expressed","GA:Dm"
"51805","COQ3","coenzyme Q3, methyltransferase","Under-expressed","GA:Sc"
"1346","COX7A1","cytochrome c oxidase subunit 7A1","Over-expressed",""
"51200","CPA4","carboxypeptidase A4","Over-expressed",""
"221184","CPNE2","copine 2","Under-expressed",""
"55313","CPPED1","calcineurin like phosphoesterase domain containing 1","Over-expressed",""
"10404","CPQ","carboxypeptidase Q","Over-expressed",""
"153222","CREBRF","CREB3 regulatory factor","Over-expressed",""
"8804","CREG1","cellular repressor of E1A stimulated genes 1","Over-expressed","GA:HsµCA:Hs"
"83690","CRISPLD1","cysteine rich secretory protein LCCL domain containing 1","Under-expressed","GA:CeGA:CeGA:Ce"
"1410","CRYAB","crystallin alpha B","Over-expressed","GA:CeGA:CeGA:CeGA:DmGA:DmGA:DmGA:CeGA:DmGA:Hsµ"
"202","CRYBG1","crystallin beta-gamma domain containing 1","Under-expressed",""
"51084","CRYL1","crystallin lambda 1","Over-expressed","GA:Hsµ"
"1434","CSE1L","chromosome segregation 1 like","Under-expressed",""
"10664","CTCF","CCCTC-binding factor","Under-expressed",""
"51496","CTDSPL2","CTD small phosphatase like 2","Under-expressed",""
"1490","CTGF","cellular communication network factor 2","Over-expressed","GA:HsGA:HsµDR:MmCA:Hs"
"8727","CTNNAL1","catenin alpha like 1","Under-expressed","CA:Hs"
"5476","CTSA","cathepsin A","Over-expressed",""
"1508","CTSB","cathepsin B","Over-expressed","GA:HsµCA:Hs"
"1075","CTSC","cathepsin C","Under-expressed","GA:Hsµ"
"1509","CTSD","cathepsin D","Over-expressed","CA:Hs"
"8722","CTSF","cathepsin F","Over-expressed",""
"1522","CTSZ","cathepsin Z","Over-expressed","GA:Hsµ"
"55280","CWF19L1","CWF19 like cell cycle control factor 1","Under-expressed",""
"3627","CXCL10","C-X-C motif chemokine ligand 10","Over-expressed",""
"6387","CXCL12","C-X-C motif chemokine ligand 12","Under-expressed",""
"220002","CYB561A3","cytochrome b561 family member A3","Over-expressed",""
"124936","CYB5D2","cytochrome b5 domain containing 2","Over-expressed",""
"51706","CYB5R1","cytochrome b5 reductase 1","Over-expressed",""
"26999","CYFIP2","cytoplasmic FMR1 interacting protein 2","Over-expressed",""
"113612","CYP2U1","cytochrome P450 family 2 subfamily U member 1","Over-expressed",""
"84418","CYSTM1","cysteine rich transmembrane module containing 1","Over-expressed",""
"54360","CYTL1","cytokine like 1","Under-expressed",""
"1601","DAB2","DAB adaptor protein 2","Over-expressed",""
"221955","DAGLB","diacylglycerol lipase beta","Over-expressed","GA:Ce"
"1615","DARS","aspartyl-tRNA synthetase 1","Under-expressed",""
"55157","DARS2","aspartyl-tRNA synthetase 2, mitochondrial","Under-expressed",""
"26528","DAZAP1","DAZ associated protein 1","Under-expressed",""
"10926","DBF4","DBF4 zinc finger","Under-expressed",""
"1622","DBI","diazepam binding inhibitor, acyl-CoA binding protein","Under-expressed","GA:Sc"
"285761","DCBLD1","discoidin, CUB and LCCL domain containing 1","Over-expressed",""
"8642","DCHS1","dachsous cadherin-related 1","Under-expressed",""
"28960","DCPS","decapping enzyme, scavenger","Under-expressed","L:Hs"
"79016","DDA1","DET1 and DDB1 associated 1","Over-expressed",""
"23576","DDAH1","dimethylarginine dimethylaminohydrolase 1","Over-expressed",""
"1643","DDB2","damage specific DNA binding protein 2","Over-expressed","L:HsCA:Hs"
"220042","DDIAS","DNA damage induced apoptosis suppressor","Under-expressed",""
"115265","DDIT4L","DNA damage inducible transcript 4 like","Under-expressed",""
"1663","DDX11","DEAD/H-box helicase 11","Under-expressed","GA:Sc"
"8886","DDX18","DEAD-box helicase 18","Under-expressed","GA:Ce"
"10212","DDX39A","DExD-box helicase 39A","Under-expressed","GA:Ce"
"23586","DDX58","DExD/H-box helicase 58","Over-expressed",""
"7913","DEK","DEK proto-oncogene","Under-expressed","CA:Hs"
"55635","DEPDC1","DEP domain containing 1","Under-expressed",""
"55789","DEPDC1B","DEP domain containing 1B","Under-expressed",""
"51071","DERA","deoxyribose-phosphate aldolase","Under-expressed",""
"1677","DFFB","DNA fragmentation factor subunit beta","Under-expressed",""
"1606","DGKA","diacylglycerol kinase alpha","Over-expressed",""
"1719","DHFR","dihydrofolate reductase","Under-expressed",""
"115817","DHRS1","dehydrogenase/reductase 1","Over-expressed",""
"9249","DHRS3","dehydrogenase/reductase 3","Over-expressed","GA:Sc"
"51635","DHRS7","dehydrogenase/reductase 7","Over-expressed",""
"1665","DHX15","DEAH-box helicase 15","Under-expressed",""
"1734","DIO2","iodothyronine deiodinase 2","Over-expressed",""
"115752","DIS3L","DIS3 like exosome 3'-5' exoribonuclease","Under-expressed",""
"1736","DKC1","dyskerin pseudouridine synthase 1","Under-expressed","CA:Hs"
"27122","DKK3","dickkopf WNT signaling pathway inhibitor 3","Over-expressed",""
"9787","DLGAP5","DLG associated protein 5","Under-expressed","L:Hs"
"1763","DNA2","DNA replication helicase/nuclease 2","Under-expressed","GA:Sc"
"11080","DNAJB4","DnaJ heat shock protein family (Hsp40) member B4","Over-expressed",""
"4189","DNAJB9","DnaJ heat shock protein family (Hsp40) member B9","Over-expressed",""
"1774","DNASE1L1","deoxyribonuclease 1 like 1","Over-expressed",""
"92737","DNER","delta/notch like EGF repeat containing","Over-expressed",""
"1786","DNMT1","DNA methyltransferase 1","Under-expressed","CA:Hs"
"139818","DOCK11","dedicator of cytokinesis 11","Under-expressed",""
"29980","DONSON","DNA replication fork stabilization factor DONSON","Under-expressed",""
"51611","DPH5","diphthamide biosynthesis 5","Under-expressed",""
"1803","DPP4","dipeptidyl peptidase 4","Over-expressed","GA:ScDR:ScCA:Hs"
"1809","DPYSL3","dihydropyrimidinase like 3","Under-expressed",""
"10570","DPYSL4","dihydropyrimidinase like 4","Over-expressed",""
"55332","DRAM1","DNA damage regulated autophagy modulator 1","Over-expressed",""
"79075","DSCC1","DNA replication and sister chromatid cohesion 1","Under-expressed",""
"79980","DSN1","DSN1 component of MIS12 kinetochore complex","Under-expressed",""
"51514","DTL","denticleless E3 ubiquitin protein ligase homolog","Under-expressed","CA:Hs"
"1841","DTYMK","deoxythymidylate kinase","Under-expressed",""
"11221","DUSP10","dual specificity phosphatase 10","Over-expressed","GA:Dm"
"1845","DUSP3","dual specificity phosphatase 3","Over-expressed","GA:ScGA:HsµCA:Hs"
"1848","DUSP6","dual specificity phosphatase 6","Over-expressed","GA:CeGA:HsµL:HsCA:Hs"
"1854","DUT","deoxyuridine triphosphatase","Under-expressed",""
"83657","DYNLRB2","dynein light chain roadblock-type 2","Over-expressed",""
"6990","DYNLT3","dynein light chain Tctex-type 3","Over-expressed",""
"1870","E2F2","E2F transcription factor 2","Under-expressed",""
"79733","E2F8","E2F transcription factor 8","Under-expressed",""
"10969","EBNA1BP2","EBNA1 binding protein 2","Under-expressed",""
"10682","EBP","EBP cholestenol delta-isomerase","Under-expressed",""
"79746","ECHDC3","enoyl-CoA hydratase domain containing 3","Under-expressed",""
"1894","ECT2","epithelial cell transforming 2","Under-expressed","CA:Hs"
"55741","EDEM2","ER degradation enhancing alpha-mannosidase like protein 2","Over-expressed","GA:Dm"
"10085","EDIL3","EGF like repeats and discoidin domains 3","Over-expressed",""
"1906","EDN1","endothelin 1","Over-expressed",""
"9521","EEF1E1","eukaryotic translation elongation factor 1 epsilon 1","Under-expressed","GA:HsCA:Hs"
"2202","EFEMP1","EGF containing fibulin extracellular matrix protein 1","Over-expressed","GA:MmGA:HsGA:Hsµ"
"10278","EFS","embryonal Fyn-associated substrate","Under-expressed",""
"1958","EGR1","early growth response 1","Under-expressed","GA:ScGA:HsGA:Hsµ"
"728689","EIF3CL","eukaryotic translation initiation factor 3 subunit C like","Under-expressed",""
"9775","EIF4A3","eukaryotic translation initiation factor 4A3","Under-expressed",""
"1978","EIF4EBP1","eukaryotic translation initiation factor 4E binding protein 1","Under-expressed","GA:DmDR:DmL:HsCA:Hs"
"22936","ELL2","elongation factor for RNA polymerase II 2","Over-expressed",""
"54898","ELOVL2","ELOVL fatty acid elongase 2","Under-expressed","DR:Sc"
"56851","EMC7","ER membrane protein complex subunit 7","Over-expressed",""
"11117","EMILIN1","elastin microfibril interfacer 1","Under-expressed",""
"84034","EMILIN2","elastin microfibril interfacer 2","Under-expressed",""
"27436","EML4","EMAP like 4","Under-expressed",""
"2013","EMP2","epithelial membrane protein 2","Under-expressed",""
"8507","ENC1","ectodermal-neural cortex 1","Over-expressed",""
"2023","ENO1","enolase 1","Under-expressed","CA:Hs"
"5168","ENPP2","ectonucleotide pyrophosphatase/phosphodiesterase 2","Under-expressed",""
"56943","ENY2","ENY2 transcription and export complex 2 subunit","Under-expressed",""
"2034","EPAS1","endothelial PAS domain protein 1","Over-expressed","GA:CeDR:CeCA:Hs"
"2037","EPB41L2","erythrocyte membrane protein band 4.1 like 2","Under-expressed",""
"2043","EPHA4","EPH receptor A4","Over-expressed",""
"54821","ERCC6L","ERCC excision repair 6 like, spindle assembly checkpoint helicase","Under-expressed",""
"2079","ERH","ERH mRNA splicing and mitosis factor","Under-expressed",""
"90459","ERI1","exoribonuclease 1","Under-expressed","GA:Ce"
"157570","ESCO2","establishment of sister chromatid cohesion N-acetyltransferase 2","Under-expressed",""
"9700","ESPL1","extra spindle pole bodies like 1, separase","Under-expressed","CA:Hs"
"2113","ETS1","ETS proto-oncogene 1, transcription factor","Under-expressed","CA:Hs"
"2118","ETV4","ETS variant transcription factor 4","Under-expressed",""
"51513","ETV7","ETS variant transcription factor 7","Over-expressed",""
"2130","EWSR1","EWS RNA binding protein 1","Under-expressed","CA:Hs"
"9156","EXO1","exonuclease 1","Under-expressed","GA:ScL:Hs"
"11340","EXOSC8","exosome component 8","Under-expressed",""
"5393","EXOSC9","exosome component 9","Under-expressed",""
"2146","EZH2","enhancer of zeste 2 polycomb repressive complex 2 subunit","Under-expressed","GA:DmGA:ScGA:CeCA:Hs"
"2152","F3","coagulation factor III, tissue factor","Over-expressed","GA:Hsµ"
"2171","FABP5","fatty acid binding protein 5","Under-expressed","GA:CeGA:CeGA:CeGA:CeGA:DmGA:HsµDR:Mm"
"55179","FAIM","Fas apoptotic inhibitory molecule","Under-expressed",""
"63901","FAM111A","family with sequence similarity 111 member A","Under-expressed",""
"374393","FAM111B","family with sequence similarity 111 member B","Under-expressed",""
"116496","FAM129A","niban apoptosis regulator 1","Under-expressed",""
"51313","FAM198B","golgi associated kinase 1B","Over-expressed",""
"84293","FAM213A","peroxiredoxin like 2A","Under-expressed","GA:Hsµ"
"56204","FAM214A","family with sequence similarity 214 member A","Over-expressed",""
"80256","FAM214B","family with sequence similarity 214 member B","Over-expressed",""
"203259","FAM219A","family with sequence similarity 219 member A","Over-expressed",""
"131583","FAM43A","family with sequence similarity 43 member A","Over-expressed",""
"115572","FAM46B","terminal nucleotidyltransferase 5B","Under-expressed",""
"54855","FAM46C","terminal nucleotidyltransferase 5C","Under-expressed","GA:Hsµ"
"728833","FAM72D","family with sequence similarity 72 member D","Under-expressed",""
"81610","FAM83D","family with sequence similarity 83 member D","Under-expressed",""
"2175","FANCA","FA complementation group A","Under-expressed","L:Hs"
"2177","FANCD2","FA complementation group D2","Under-expressed","L:HsCA:Hs"
"2178","FANCE","FA complementation group E","Under-expressed",""
"2189","FANCG","FA complementation group G","Under-expressed",""
"55215","FANCI","FA complementation group I","Under-expressed","L:Hs"
"57697","FANCM","FA complementation group M","Under-expressed",""
"92565","FANK1","fibronectin type III and ankyrin repeat domains 1","Over-expressed",""
"355","FAS","Fas cell surface death receptor","Over-expressed","GA:HsL:Hs"
"2195","FAT1","FAT atypical cadherin 1","Over-expressed",""
"10826","FAXDC2","fatty acid hydroxylase domain containing 2","Over-expressed",""
"2091","FBL","fibrillarin","Under-expressed",""
"84961","FBXL20","F-box and leucine rich repeat protein 20","Over-expressed",""
"114907","FBXO32","F-box protein 32","Over-expressed",""
"26271","FBXO5","F-box protein 5","Under-expressed","CA:Hs"
"26270","FBXO6","F-box protein 6","Over-expressed",""
"2237","FEN1","flap structure-specific endonuclease 1","Under-expressed","GA:ScGA:HsL:Hs"
"2247","FGF2","fibroblast growth factor 2","Over-expressed",""
"2271","FH","fumarate hydratase","Under-expressed","GA:ScGA:Hsµ"
"2273","FHL1","four and a half LIM domains 1","Over-expressed",""
"63979","FIGNL1","fidgetin like 1","Under-expressed",""
"11259","FILIP1L","filamin A interacting protein 1 like","Over-expressed",""
"51303","FKBP11","FKBP prolyl isomerase 11","Under-expressed",""
"2289","FKBP5","FKBP prolyl isomerase 5","Under-expressed","GA:HsµDR:Mm"
"2318","FLNC","filamin C","Over-expressed","GA:Dm"
"2335","FN1","fibronectin 1","Over-expressed","GA:MmGA:Hsµ"
"64778","FNDC3B","fibronectin type III domain containing 3B","Over-expressed",""
"64838","FNDC4","fibronectin type III domain containing 4","Over-expressed",""
"2352","FOLR3","folate receptor gamma","Over-expressed",""
"123811","FOPNL","centrosomal protein 20","Under-expressed",""
"2305","FOXM1","forkhead box M1","Under-expressed","GA:MmGA:ScGA:HsCA:Hs"
"122786","FRMD6","FERM domain containing 6","Over-expressed",""
"10129","FRY","FRY microtubule binding protein","Over-expressed",""
"10468","FST","follistatin","Under-expressed",""
"2495","FTH1","ferritin heavy chain 1","Over-expressed",""
"8880","FUBP1","far upstream element binding protein 1","Under-expressed",""
"2517","FUCA1","alpha-L-fucosidase 1","Over-expressed","GA:Hsµ"
"2521","FUS","FUS RNA binding protein","Under-expressed",""
"2526","FUT4","fucosyltransferase 4","Under-expressed",""
"8325","FZD8","frizzled class receptor 8","Over-expressed",""
"55632","G2E3","G2/M-phase specific E3 ubiquitin protein ligase","Under-expressed",""
"11337","GABARAP","GABA type A receptor-associated protein","Over-expressed","GA:DmGA:CeGA:ScDR:Sc"
"23710","GABARAPL1","GABA type A receptor associated protein like 1","Over-expressed","GA:ScDR:Sc"
"1647","GADD45A","growth arrest and DNA damage inducible alpha","Over-expressed","L:Hs"
"11227","GALNT5","polypeptide N-acetylgalactosaminyltransferase 5","Over-expressed",""
"54433","GAR1","GAR1 ribonucleoprotein","Under-expressed",""
"2618","GART","phosphoribosylglycinamide formyltransferase, phosphoribosylglycinamide synthetase, phosphoribosylaminoimidazole synthetase","Under-expressed","GA:Sc"
"283431","GAS2L3","growth arrest specific 2 like 3","Under-expressed",""
"2621","GAS6","growth arrest specific 6","Over-expressed","GA:Hsµ"
"2629","GBA","glucosylceramidase beta","Over-expressed",""
"51573","GDE1","glycerophosphodiester phosphodiesterase 1","Over-expressed",""
"9518","GDF15","growth differentiation factor 15","Over-expressed","GA:MmCA:Hs"
"2669","GEM","GTP binding protein overexpressed in skeletal muscle","Under-expressed","GA:ScGA:Sc"
"79833","GEMIN6","gem nuclear organelle associated protein 6","Under-expressed",""
"348654","GEN1","GEN1 Holliday junction 5' flap endonuclease","Under-expressed","GA:Sc"
"2673","GFPT1","glutamine--fructose-6-phosphate transaminase 1","Over-expressed",""
"9945","GFPT2","glutamine-fructose-6-phosphate transaminase 2","Under-expressed",""
"79017","GGCT","gamma-glutamylcyclotransferase","Under-expressed","CA:Hs"
"8836","GGH","gamma-glutamyl hydrolase","Under-expressed",""
"116254","GINM1","glycoprotein integral membrane 1","Over-expressed",""
"9837","GINS1","GINS complex subunit 1","Under-expressed",""
"51659","GINS2","GINS complex subunit 2","Under-expressed",""
"64785","GINS3","GINS complex subunit 3","Under-expressed",""
"84296","GINS4","GINS complex subunit 4","Under-expressed",""
"2720","GLB1","CLN8 transmembrane ER and ERGIC protein","Over-expressed",""
"112770","GLMP","glycosylated lysosomal membrane protein","Over-expressed",""
"2745","GLRX","glutaredoxin","Over-expressed","L:Hs"
"2744","GLS","glutaminase","Over-expressed",""
"2752","GLUL","glutamate-ammonia ligase","Under-expressed",""
"2760","GM2A","GM2 ganglioside activator","Over-expressed",""
"51053","GMNN","geminin DNA replication inhibitor","Under-expressed","CA:Hs"
"8833","GMPS","guanine monophosphate synthase","Under-expressed","CA:Hs"
"54331","GNG2","cyclic nucleotide gated channel subunit beta 1","Under-expressed",""
"26354","GNL3","G protein nucleolar 3","Under-expressed",""
"84572","GNPTG","N-acetylglucosamine-1-phosphate transferase subunit gamma","Over-expressed",""
"2804","GOLGB1","golgin B1","Over-expressed",""
"2817","GPC1","glypican 1","Over-expressed",""
"2852","GPER1","G protein-coupled estrogen receptor 1","Over-expressed",""
"10457","GPNMB","glycoprotein nmb","Over-expressed","GA:Hsµ"
"7107","GPR137B","G protein-coupled receptor 137B","Over-expressed","GA:Hsµ"
"151556","GPR155","G protein-coupled receptor 155","Over-expressed",""
"29899","GPSM2","G protein signaling modulator 2","Under-expressed",""
"2907","GRINA","glutamate ionotropic receptor NMDA type subunit associated protein 1","Over-expressed","GA:Hsµ"
"2896","GRN","granulin precursor","Over-expressed","GA:MmGA:HsGA:HsµCA:Hs"
"79792","GSDMD","gasdermin D","Under-expressed",""
"8225","GTPBP6","GTP binding protein 6 (putative)","Under-expressed",""
"51512","GTSE1","G2 and S-phase expressed 1","Under-expressed","CA:Hs"
"2983","GUCY1B1","guanylate cyclase 1 soluble subunit beta 1","Under-expressed",""
"2990","GUSB","glucuronidase beta","Under-expressed","GA:Hsµ"
"3005","H1F0","H1.0 linker histone","Under-expressed",""
"8971","H1FX","H1.10 linker histone","Under-expressed",""
"94239","H2AFV","H2A.Z variant histone 2","Under-expressed",""
"3014","H2AFX","H2A.X variant histone","Under-expressed","GA:HsL:Hs"
"3015","H2AFZ","H2A.Z variant histone 1","Under-expressed",""
"401494","HACD4","3-hydroxyacyl-CoA dehydratase 4","Under-expressed",""
"3029","HAGH","hydroxyacylglutathione hydrolase","Over-expressed",""
"3037","HAS2","hyaluronan synthase 2","Under-expressed",""
"83903","HASPIN","histone H3 associated protein kinase","Under-expressed",""
"8520","HAT1","histone acetyltransferase 1","Under-expressed","GA:Sc"
"115106","HAUS1","HAUS augmin like complex subunit 1","Under-expressed",""
"54930","HAUS4","HAUS augmin like complex subunit 4","Under-expressed","CA:Hs"
"54801","HAUS6","HAUS augmin like complex subunit 6","Under-expressed",""
"55559","HAUS7","HAUS augmin like complex subunit 7","Under-expressed",""
"93323","HAUS8","HAUS augmin like complex subunit 8","Under-expressed",""
"9734","HDAC9","histone deacetylase 9","Over-expressed","GA:Sc"
"57493","HEG1","heart development protein with EGF like domains 1","Over-expressed",""
"3070","HELLS","helicase, lymphoid specific","Under-expressed","GA:MmGA:HsCA:Hs"
"9843","HEPH","hephaestin","Under-expressed",""
"55008","HERC6","HECT and RLD domain containing E3 ubiquitin protein ligase family member 6","Over-expressed",""
"3074","HEXB","hexosaminidase subunit beta","Over-expressed","GA:Hsµ"
"55733","HHAT","hedgehog acyltransferase","Over-expressed","GA:CeDR:Sc"
"3024","HIST1H1A","H1.1 linker histone, cluster member","Under-expressed",""
"3009","HIST1H1B","H1.5 linker histone, cluster member","Under-expressed",""
"3006","HIST1H1C","H1.2 linker histone, cluster member","Over-expressed",""
"8334","HIST1H2AC","H2A clustered histone 6","Over-expressed",""
"8331","HIST1H2AJ","H2A clustered histone 14","Under-expressed",""
"8347","HIST1H2BC","H2B clustered histone 4","Over-expressed",""
"3017","HIST1H2BD","H2B clustered histone 5","Over-expressed",""
"8344","HIST1H2BE","H2B clustered histone 6","Over-expressed",""
"85236","HIST1H2BK","H2B clustered histone 12","Over-expressed",""
"8354","HIST1H3I","H3 clustered histone 11","Under-expressed",""
"8356","HIST1H3J","H3 clustered histone 12","Under-expressed",""
"8364","HIST1H4C","H4 clustered histone 3","Under-expressed","DR:Sc"
"8365","HIST1H4H","H4 clustered histone 8","Over-expressed","DR:Sc"
"8349","HIST2H2BE","H2B clustered histone 21","Over-expressed",""
"55355","HJURP","Holliday junction recognition protein","Under-expressed","CA:Hs"
"3106","HLA-B","major histocompatibility complex, class I, B","Over-expressed","L:Hs"
"3159","HMGA1","high mobility group AT-hook 1","Under-expressed","CA:Hs"
"8091","HMGA2","high mobility group AT-hook 2","Under-expressed","CA:Hs"
"3146","HMGB1","high mobility group box 1","Under-expressed","GA:HsL:HsCA:Hs"
"3148","HMGB2","high mobility group box 2","Under-expressed","GA:HsCA:Hs"
"3149","HMGB3","high mobility group box 3","Under-expressed","CA:Hs"
"3151","HMGN2","high mobility group nucleosomal binding domain 2","Under-expressed",""
"3161","HMMR","hyaluronan mediated motility receptor","Under-expressed",""
"3178","HNRNPA1","heterogeneous nuclear ribonucleoprotein A1","Under-expressed","GA:CeCA:Hs"
"3181","HNRNPA2B1","heterogeneous nuclear ribonucleoprotein A2/B1","Under-expressed","GA:Ce"
"220988","HNRNPA3","heterogeneous nuclear ribonucleoprotein A3","Under-expressed","GA:CeCA:Hs"
"3182","HNRNPAB","heterogeneous nuclear ribonucleoprotein A/B","Under-expressed","CA:Hs"
"3183","HNRNPC","heterogeneous nuclear ribonucleoprotein C","Under-expressed","CA:Hs"
"3184","HNRNPD","heterogeneous nuclear ribonucleoprotein D","Under-expressed","GA:MmCA:Hs"
"9987","HNRNPDL","heterogeneous nuclear ribonucleoprotein D like","Under-expressed",""
"3185","HNRNPF","heterogeneous nuclear ribonucleoprotein F","Under-expressed",""
"3187","HNRNPH1","heterogeneous nuclear ribonucleoprotein H1","Under-expressed",""
"3189","HNRNPH3","heterogeneous nuclear ribonucleoprotein H3","Under-expressed",""
"4670","HNRNPM","heterogeneous nuclear ribonucleoprotein M","Under-expressed","GA:ScGA:Hsµ"
"10236","HNRNPR","heterogeneous nuclear ribonucleoprotein R","Under-expressed",""
"3192","HNRNPU","heterogeneous nuclear ribonucleoprotein U","Under-expressed",""
"3202","HOXA5","homeobox A5","Under-expressed",""
"3251","HPRT1","hypoxanthine phosphoribosyltransferase 1","Under-expressed",""
"9955","HS3ST3A1","heparan sulfate-glucosamine 3-sulfotransferase 3A1","Under-expressed",""
"3306","HSPA2","heat shock protein family A (Hsp70) member 2","Under-expressed","CA:Hs"
"51668","HSPB11","heat shock protein family B (small) member 11","Under-expressed",""
"26353","HSPB8","heat shock protein family B (small) member 8","Over-expressed","GA:CeGA:HsµDR:Ce"
"5654","HTRA1","HtrA serine peptidase 1","Over-expressed","CA:Hs"
"94031","HTRA3","HtrA serine peptidase 3","Under-expressed",""
"219844","HYLS1","HYLS1 centriolar and ciliogenesis associated","Under-expressed",""
"3383","ICAM1","intercellular adhesion molecule 1","Over-expressed",""
"3400","ID4","inhibitor of DNA binding 4, HLH protein","Under-expressed","GA:Hsµ"
"3423","IDS","iduronate 2-sulfatase","Over-expressed",""
"9592","IER2","immediate early response 2","Under-expressed",""
"3429","IFI27","peripheral myelin protein 22","Over-expressed",""
"2537","IFI6","interferon alpha inducible protein 6","Over-expressed",""
"64135","IFIH1","interferon induced with helicase C domain 1","Over-expressed","DR:Mm"
"3434","IFIT1","interferon induced protein with tetratricopeptide repeats 1","Over-expressed",""
"3433","IFIT2","interferon induced protein with tetratricopeptide repeats 2","Over-expressed",""
"3437","IFIT3","interferon induced protein with tetratricopeptide repeats 3","Over-expressed",""
"10410","IFITM3","interferon induced transmembrane protein 3","Over-expressed",""
"3482","IGF2R","insulin like growth factor 2 receptor","Over-expressed","GA:HsµL:Hs"
"3486","IGFBP3","insulin like growth factor binding protein 3","Over-expressed","GA:HsL:HsCA:Hs"
"3488","IGFBP5","insulin like growth factor binding protein 5","Over-expressed","L:HsCA:Hs"
"3490","IGFBP7","insulin like growth factor binding protein 7","Over-expressed","CA:Hs"
"492311","IGIP","IgA inducing protein","Over-expressed",""
"3589","IL11","interleukin 11","Under-expressed",""
"3608","ILF2","interleukin enhancer binding factor 2","Under-expressed",""
"3609","ILF3","interleukin enhancer binding factor 3","Under-expressed","CA:Hs"
"3613","IMPA2","inositol monophosphatase 2","Under-expressed","GA:ScGA:Sc"
"3615","IMPDH2","inosine monophosphate dehydrogenase 2","Under-expressed",""
"9118","INA","internexin neuronal intermediate filament protein alpha","Over-expressed",""
"3635","INPP5D","inositol polyphosphate-5-phosphatase D","Over-expressed","GA:ScGA:ScGA:Hsµ"
"3638","INSIG1","insulin induced gene 1","Under-expressed","DR:Mm"
"9670","IPO13","importin 13","Over-expressed",""
"55721","IQCC","IQ motif containing C","Under-expressed",""
"11213","IRAK3","interleukin 1 receptor associated kinase 3","Under-expressed",""
"23479","ISCU","iron-sulfur cluster assembly enzyme","Over-expressed",""
"9636","ISG15","ISG15 ubiquitin like modifier","Over-expressed","GA:Sc"
"81533","ITFG1","integrin alpha FG-GAP repeat containing 1","Over-expressed",""
"3673","ITGA2","integrin subunit alpha 2","Over-expressed","L:Hs"
"3685","ITGAV","integrin subunit alpha V","Over-expressed",""
"3693","ITGB5","integrin subunit beta 5","Over-expressed","GA:Hsµ"
"9445","ITM2B","integral membrane protein 2B","Over-expressed","GA:Hsµ"
"162073","ITPRIPL2","ITPRIP like 2","Over-expressed",""
"133746","JMY","junction mediating and regulatory protein, p53 cofactor","Over-expressed",""
"90861","JPT2","Jupiter microtubule associated homolog 2","Under-expressed",""
"3759","KCNJ2","potassium inwardly rectifying channel subfamily J member 2","Over-expressed",""
"27345","KCNMB4","potassium calcium-activated channel subfamily M regulatory beta subunit 4","Over-expressed",""
"3781","KCNN2","potassium calcium-activated channel subfamily N member 2","Over-expressed",""
"57528","KCTD16","potassium channel tetramerization domain containing 16","Over-expressed",""
"386618","KCTD4","potassium channel tetramerization domain containing 4","Over-expressed",""
"23028","KDM1A","lysine demethylase 1A","Under-expressed","CA:Hs"
"10657","KHDRBS1","KH RNA binding domain containing, signal transduction associated 1","Under-expressed",""
"8570","KHSRP","KH-type splicing regulatory protein","Under-expressed",""
"23313","KIAA0930","KIAA0930","Over-expressed",""
"57179","KIAA1191","KIAA1191","Over-expressed",""
"3832","KIF11","kinesin family member 11","Under-expressed","GA:CeCA:Hs"
"9928","KIF14","kinesin family member 14","Under-expressed",""
"56992","KIF15","kinesin family member 15","Under-expressed",""
"81930","KIF18A","kinesin family member 18A","Under-expressed",""
"146909","KIF18B","kinesin family member 18B","Under-expressed",""
"10112","KIF20A","kinesin family member 20A","Under-expressed","CA:Hs"
"9585","KIF20B","kinesin family member 20B","Under-expressed",""
"3835","KIF22","kinesin family member 22","Under-expressed",""
"9493","KIF23","kinesin family member 23","Under-expressed",""
"11004","KIF2C","kinesin family member 2C","Under-expressed","CA:Hs"
"3797","KIF3C","kinesin family member 3C","Over-expressed",""
"24137","KIF4A","kinesin family member 4A","Under-expressed",""
"3833","KIFC1","kinesin family member C1","Under-expressed","GA:ScCA:Hs"
"4254","KITLG","KIT ligand","Under-expressed",""
"54800","KLHL24","kelch like family member 24","Over-expressed",""
"57082","KNL1","kinetochore scaffold 1","Under-expressed","DR:Mm"
"90417","KNSTRN","kinetochore localized astrin (SPAG5) binding protein","Under-expressed",""
"9735","KNTC1","kinetochore associated 1","Under-expressed",""
"3838","KPNA2","karyopherin subunit alpha 2","Under-expressed",""
"83895","KRTAP1-5","keratin associated protein 1-5","Over-expressed",""
"3897","L1CAM","C1D nuclear receptor corepressor","Over-expressed",""
"144811","LACC1","laccase domain containing 1","Over-expressed",""
"3913","LAMB2","laminin subunit beta 2","Over-expressed",""
"3915","LAMC1","laminin subunit gamma 1","Over-expressed",""
"3930","LBR","lamin B receptor","Under-expressed","GA:DmGA:ScCA:Hs"
"9079","LDB2","LIM domain binding 2","Under-expressed","GA:Ce"
"22998","LIMCH1","LIM and calponin homology domains 1","Over-expressed",""
"158038","LINGO2","leucine rich repeat and Ig domain containing 2","Over-expressed","L:Hs"
"3988","LIPA","lipase A, lysosomal acid type","Over-expressed",""
"92255","LMBRD2","LMBR1 domain containing 2","Over-expressed",""
"29995","LMCD1","LIM and cysteine rich domains 1","Over-expressed","GA:Ce"
"4001","LMNB1","lamin B1","Under-expressed","GA:CeGA:HsCA:Hs"
"84823","LMNB2","lamin B2","Under-expressed","GA:Ce"
"25802","LMOD1","leiomodin 1","Over-expressed",""
"91694","LONRF1","LON peptidase N-terminal domain and ring finger 1","Under-expressed",""
"4015","LOX","lysyl oxidase","Over-expressed","L:HsCA:Hs"
"4017","LOXL2","lysyl oxidase like 2","Over-expressed","CA:Hs"
"54947","LPCAT2","lysophosphatidylcholine acyltransferase 2","Over-expressed",""
"4035","LRP1","LDL receptor related protein 1","Over-expressed","GA:Hsµ"
"26020","LRP10","LDL receptor related protein 10","Over-expressed","GA:Hsµ"
"29967","LRP12","LDL receptor related protein 12","Over-expressed",""
"4043","LRPAP1","LDL receptor related protein associated protein 1","Over-expressed",""
"23639","LRRC6","leucine rich repeat containing 6","Over-expressed",""
"84230","LRRC8C","leucine rich repeat containing 8 VRAC subunit C","Under-expressed",""
"54674","LRRN3","leucine rich repeat neuronal 3","Over-expressed",""
"4045","LSAMP","limbic system associated membrane protein","Under-expressed",""
"57819","LSM2","LSM2 homolog, U6 small nuclear RNA and mRNA degradation associated","Under-expressed",""
"27258","LSM3","LSM3 homolog, U6 small nuclear RNA and mRNA degradation associated","Under-expressed",""
"23658","LSM5","LSM5 homolog, U6 small nuclear RNA and mRNA degradation associated","Under-expressed",""
"11157","LSM6","LSM6 homolog, U6 small nuclear RNA and mRNA degradation associated","Under-expressed",""
"4060","LUM","lumican","Over-expressed",""
"56925","LXN","latexin","Under-expressed",""
"54742","LY6K","lymphocyte antigen 6 family member K","Under-expressed",""
"55646","LYAR","Ly1 antibody reactive","Under-expressed",""
"4085","MAD2L1","mitotic arrest deficient 2 like 1","Under-expressed","GA:ScCA:Hs"
"10459","MAD2L2","mitotic arrest deficient 2 like 2","Under-expressed",""
"7851","MALL","mal, T cell differentiation protein like","Under-expressed",""
"256691","MAMDC2","MAM domain containing 2","Over-expressed",""
"11253","MAN1B1","mannosidase alpha class 1B member 1","Over-expressed","GA:Sc"
"23324","MAN2B2","mannosidase alpha class 2B member 2","Over-expressed","L:Hs"
"4126","MANBA","mannosidase beta","Over-expressed",""
"54682","MANSC1","MANSC domain containing 1","Over-expressed",""
"81631","MAP1LC3B","microtubule associated protein 1 light chain 3 beta","Over-expressed","GA:ScDR:Sc"
"56911","MAP3K7CL","MAP3K7 C-terminal like","Over-expressed",""
"22924","MAPRE3","microtubule associated protein RP/EB family member 3","Over-expressed",""
"51257","Mar-02","membrane associated ring-CH-type finger 2","Over-expressed",""
"57574","Mar-04","membrane associated ring-CH-type finger 4","Over-expressed",""
"65108","MARCKSL1","MARCKS like 1","Under-expressed",""
"5648","MASP1","mannan binding lectin serine peptidase 1","Over-expressed",""
"23031","MAST3","microtubule associated serine/threonine kinase 3","Over-expressed","GA:ScDR:Sc"
"84930","MASTL","microtubule associated serine/threonine kinase like","Under-expressed","GA:ScDR:Sc"
"4144","MAT2A","methionine adenosyltransferase 2A","Under-expressed","GA:Ce"
"4147","MATN2","matrilin 2","Under-expressed",""
"154141","MBOAT1","membrane bound O-acyltransferase domain containing 1","Under-expressed",""
"90411","MCFD2","multiple coagulation factor deficiency 2, ER cargo receptor complex subunit","Over-expressed",""
"55388","MCM10","minichromosome maintenance 10 replication initiation factor","Under-expressed",""
"4171","MCM2","minichromosome maintenance complex component 2","Under-expressed","GA:CeGA:Mm"
"4172","MCM3","minichromosome maintenance complex component 3","Under-expressed",""
"4173","MCM4","minichromosome maintenance complex component 4","Under-expressed",""
"4174","MCM5","minichromosome maintenance complex component 5","Under-expressed",""
"4175","MCM6","minichromosome maintenance complex component 6","Under-expressed",""
"4176","MCM7","minichromosome maintenance complex component 7","Under-expressed","CA:Hs"
"84515","MCM8","minichromosome maintenance 8 homologous recombination repair factor","Under-expressed",""
"79892","MCMBP","minichromosome maintenance complex binding protein","Under-expressed",""
"57192","MCOLN1","mucolipin 1","Over-expressed","DR:Ce"
"55013","MCUB","mitochondrial calcium uniporter dominant negative subunit beta","Under-expressed",""
"4192","MDK","midkine","Under-expressed","CA:Hs"
"4193","MDM2","MDM2 proto-oncogene","Over-expressed","GA:HsL:HsCA:Hs"
"90390","MED30","mediator complex subunit 30","Under-expressed",""
"9833","MELK","maternal embryonic leucine zipper kinase","Under-expressed",""
"4232","MEST","mesoderm specific transcript","Over-expressed",""
"84206","MEX3B","mex-3 RNA binding family member B","Under-expressed","GA:Hsµ"
"4240","MFGE8","milk fat globule EGF and factor V/VIII domain containing","Over-expressed",""
"64747","MFSD1","major facilitator superfamily domain containing 1","Over-expressed",""
"79157","MFSD11","major facilitator superfamily domain containing 11","Over-expressed",""
"84709","MGARP","mitochondria localized glutamic acid rich protein","Over-expressed",""
"4255","MGMT","O-6-methylguanine-DNA methyltransferase","Under-expressed",""
"54468","MIOS","meiosis regulator for oocyte development","Under-expressed",""
"79003","MIS12","MIS12 kinetochore complex component","Under-expressed",""
"54069","MIS18A","MIS18 kinetochore protein A","Under-expressed",""
"55320","MIS18BP1","MIS18 binding protein 1","Under-expressed",""
"4288","MKI67","marker of proliferation Ki-67","Under-expressed",""
"10962","MLLT11","MLLT11 transcription factor 7 cofactor","Over-expressed",""
"79083","MLPH","melanophilin","Under-expressed",""
"4321","MMP12","matrix metallopeptidase 12","Over-expressed",""
"4314","MMP3","matrix metallopeptidase 3","Over-expressed","L:Hs"
"84057","MND1","meiotic nuclear divisions 1","Under-expressed",""
"55329","MNS1","meiosis specific nuclear structural 1","Under-expressed",""
"25874","MPC2","mitochondrial pyruvate carrier 2","Over-expressed","GA:Hsµ"
"22808","MRAS","muscle RAS oncogene homolog","Over-expressed","GA:ScGA:Sc"
"4361","MRE11","MRE11 homolog, double strand break repair nuclease","Under-expressed","GA:ScL:Hs"
"65008","MRPL1","mitochondrial ribosomal protein L1","Under-expressed","GA:Ce"
"65003","MRPL11","mitochondrial ribosomal protein L11","Under-expressed",""
"6150","MRPL23","mitochondrial ribosomal protein L23","Under-expressed",""
"11222","MRPL3","mitochondrial ribosomal protein L3","Under-expressed","GA:Sc"
"51642","MRPL48","mitochondrial ribosomal protein L48","Under-expressed",""
"64960","MRPS15","mitochondrial ribosomal protein S15","Under-expressed",""
"64965","MRPS9","mitochondrial ribosomal protein S9","Under-expressed","GA:Ce"
"51154","MRTO4","MRT4 homolog, ribosome maturation factor","Under-expressed","GA:Sc"
"10335","MRVI1","murine retrovirus integration site 1 homolog [Source:HGNC Symbol;Acc:HGNC:7237]","Over-expressed",""
"4436","MSH2","mutS homolog 2","Under-expressed","GA:MmGA:ScL:Hs"
"2956","MSH6","mutS homolog 6","Under-expressed","GA:ScL:Hs"
"55167","MSL2","MSL complex subunit 2","Under-expressed",""
"4493","MT1E","metallothionein 1E","Under-expressed","GA:MmGA:HsGA:HsµDR:Mm"
"51001","MTERF3","mitochondrial transcription termination factor 3","Under-expressed",""
"113115","MTFR2","mitochondrial fission regulator 2","Under-expressed",""
"4522","MTHFD1","methylenetetrahydrofolate dehydrogenase, cyclohydrolase and formyltetrahydrofolate synthetase 1","Under-expressed","GA:Sc"
"10797","MTHFD2","methylenetetrahydrofolate dehydrogenase (NADP+ dependent) 2, methenyltetrahydrofolate cyclohydrolase","Under-expressed","GA:ScGA:DmCA:Hs"
"4528","MTIF2","mitochondrial translational initiation factor 2","Under-expressed",""
"4599","MX1","MX dynamin like GTPase 1","Over-expressed","GA:Sc"
"10608","MXD4","MAX dimerization protein 4","Over-expressed","GA:CeCA:Hs"
"4601","MXI1","MAX interactor 1, dimerization protein","Over-expressed","GA:CeGA:Hs"
"439921","MXRA7","matrix remodeling associated 7","Over-expressed",""
"4605","MYBL2","MYB proto-oncogene like 2","Under-expressed","GA:ScCA:Hs"
"4638","MYLK","myosin light chain kinase","Over-expressed","CA:Hs"
"80179","MYO19","myosin XIX","Under-expressed",""
"51778","MYOZ2","myozenin 2","Over-expressed",""
"440145","MZT1","mitotic spindle organizing protein 1","Under-expressed",""
"10004","NAALADL1","N-acetylated alpha-linked acidic dipeptidase like 1","Under-expressed","GA:Sc"
"64859","NABP1","nucleic acid binding protein 1","Over-expressed",""
"4675","NAP1L3","nucleosome assembly protein 1 like 3","Over-expressed",""
"266812","NAP1L5","nucleosome assembly protein 1 like 5","Over-expressed",""
"79731","NARS2","asparaginyl-tRNA synthetase 2, mitochondrial","Under-expressed",""
"4678","NASP","nuclear autoantigenic sperm protein","Under-expressed",""
"65065","NBEAL1","neurobeachin like 1","Over-expressed","GA:Sc"
"9918","NCAPD2","non-SMC condensin I complex subunit D2","Under-expressed","L:Hs"
"23310","NCAPD3","non-SMC condensin II complex subunit D3","Under-expressed",""
"64151","NCAPG","non-SMC condensin I complex subunit G","Under-expressed",""
"54892","NCAPG2","non-SMC condensin II complex subunit G2","Under-expressed","CA:Hs"
"23397","NCAPH","non-SMC condensin I complex subunit H","Under-expressed",""
"57552","NCEH1","neutral cholesterol ester hydrolase 1","Under-expressed",""
"344148","NCKAP5","NCK associated protein 5","Over-expressed",""
"23385","NCSTN","nicastrin","Over-expressed",""
"55706","NDC1","NDC1 transmembrane nucleoporin","Under-expressed",""
"10403","NDC80","NDC80 kinetochore complex component","Under-expressed",""
"10397","NDRG1","N-myc downstream regulated 1","Over-expressed","GA:HsµCA:Hs"
"55247","NEIL3","nei like DNA glycosylase 3","Under-expressed",""
"4751","NEK2","NIMA related kinase 2","Under-expressed","GA:HsµCA:Hs"
"23306","NEMP1","nuclear envelope integral membrane protein 1","Under-expressed",""
"81831","NETO2","neuropilin and tolloid like 2","Under-expressed",""
"54492","NEURL1B","neuralized E3 ubiquitin protein ligase 1B","Under-expressed",""
"91624","NEXN","nexilin F-actin binding protein","Over-expressed",""
"51388","NIP7","nucleolar pre-rRNA processing protein NIP7","Under-expressed",""
"57185","NIPAL3","NIPA like domain containing 3","Over-expressed",""
"9111","NMI","N-myc and STAT interactor","Under-expressed",""
"25926","NOL11","nucleolar protein 11","Under-expressed",""
"10528","NOP56","NOP56 ribonucleoprotein","Under-expressed",""
"51602","NOP58","NOP58 ribonucleoprotein","Under-expressed","GA:Ce"
"10577","NPC2","NPC intracellular cholesterol transporter 2","Over-expressed",""
"56654","NPDC1","neural proliferation, differentiation and control 1","Over-expressed",""
"4869","NPM1","nucleophosmin 1","Under-expressed","CA:Hs"
"4893","NRAS","NRAS proto-oncogene, GTPase","Under-expressed","GA:CeGA:ScGA:ScCA:Hs"
"340371","NRBP2","nuclear receptor binding protein 2","Over-expressed",""
"11270","NRM","nurim","Under-expressed",""
"54780","NSMCE4A","NSE4 homolog A, SMC5-SMC6 complex component","Under-expressed",""
"30833","NT5C","5', 3'-nucleotidase, cytosolic","Under-expressed",""
"64943","NT5DC2","5'-nucleotidase domain containing 2","Under-expressed",""
"59277","NTN4","netrin 4","Over-expressed","GA:HsµCA:Hs"
"9891","NUAK1","NUAK family kinase 1","Over-expressed","GA:ScCA:Hs"
"64710","NUCKS1","nuclear casein kinase and cyclin dependent kinase substrate 1","Under-expressed",""
"84955","NUDCD1","NudC domain containing 1","Under-expressed",""
"4521","NUDT1","nudix hydrolase 1","Under-expressed","GA:MmGA:Hs"
"55270","NUDT15","nudix hydrolase 15","Under-expressed",""
"11051","NUDT21","nudix hydrolase 21","Under-expressed",""
"83540","NUF2","NUF2 component of NDC80 kinetochore complex","Under-expressed",""
"57122","NUP107","nucleoporin 107","Under-expressed",""
"23165","NUP205","nucleoporin 205","Under-expressed","GA:Ce"
"129401","NUP35","nucleoporin 35","Under-expressed",""
"79023","NUP37","nucleoporin 37","Under-expressed",""
"53371","NUP54","nucleoporin 54","Under-expressed",""
"23636","NUP62","nucleoporin 62","Under-expressed",""
"79902","NUP85","nucleoporin 85","Under-expressed","GA:Ce"
"51203","NUSAP1","nucleolar and spindle associated protein 1","Under-expressed",""
"91775","NXPE3","neurexophilin and PC-esterase domain family member 3","Over-expressed",""
"29107","NXT1","nuclear transport factor 2 like export factor 1","Under-expressed",""
"55916","NXT2","nuclear transport factor 2 like export factor 2","Under-expressed",""
"4953","ODC1","ornithine decarboxylase 1","Under-expressed",""
"79627","OGFRL1","opioid growth factor receptor like 1","Over-expressed",""
"11339","OIP5","Opa interacting protein 5","Under-expressed",""
"169611","OLFML2A","olfactomedin like 2A","Under-expressed",""
"56944","OLFML3","olfactomedin like 3","Under-expressed",""
"23596","OPN3","opsin 3","Over-expressed",""
"10133","OPTN","optineurin","Over-expressed",""
"4998","ORC1","origin recognition complex subunit 1","Under-expressed","GA:ScCA:Hs"
"4999","ORC2","origin recognition complex subunit 2","Under-expressed",""
"23594","ORC6","origin recognition complex subunit 6","Under-expressed",""
"94103","ORMDL3","ORMDL sphingolipid biosynthesis regulator 3","Over-expressed",""
"28962","OSTM1","osteoclastogenesis associated transmembrane protein 1","Over-expressed",""
"220213","OTUD1","OTU deubiquitinase 1","Over-expressed",""
"5026","P2RX5","purinergic receptor P2X 5","Over-expressed",""
"55214","P3H2","prolyl 3-hydroxylase 2","Over-expressed",""
"8974","P4HA2","prolyl 4-hydroxylase subunit alpha 2","Over-expressed",""
"5036","PA2G4","proliferation-associated 2G4","Under-expressed",""
"8106","PABPN1","poly(A) binding protein nuclear 1","Under-expressed",""
"5050","PAFAH1B3","platelet activating factor acetylhydrolase 1b catalytic subunit 3","Under-expressed",""
"79447","PAGR1","PAXIP1 associated glutamate rich protein 1","Under-expressed",""
"10606","PAICS","phosphoribosylaminoimidazole carboxylase and phosphoribosylaminoimidazolesuccinocarboxamide synthase","Under-expressed",""
"5066","PAM","peptidylglycine alpha-amidating monooxygenase","Over-expressed",""
"25891","PAMR1","peptidase domain containing associated with muscle regeneration 1","Over-expressed",""
"9060","PAPSS2","3'-phosphoadenosine 5'-phosphosulfate synthase 2","Over-expressed","GA:ScCA:Hs"
"124222","PAQR4","progestin and adipoQ receptor family member 4","Under-expressed",""
"142","PARP1","poly(ADP-ribose) polymerase 1","Under-expressed","GA:MmGA:CeGA:HsL:HsCA:Hs"
"55010","PARPBP","PARP1 binding protein","Under-expressed",""
"22976","PAXIP1","PAX interacting protein 1","Under-expressed",""
"55872","PBK","PDZ binding kinase","Under-expressed",""
"57575","PCDH10","protocadherin 10","Over-expressed",""
"57717","PCDHB16","protocadherin beta 16","Over-expressed",""
"56133","PCDHB2","protocadherin beta 2","Over-expressed",""
"56128","PCDHB8","protocadherin beta 8","Over-expressed",""
"5106","PCK2","phosphoenolpyruvate carboxykinase 2, mitochondrial","Under-expressed","GA:Ce"
"9768","PCLAF","PCNA clamp associated factor","Under-expressed",""
"5111","PCNA","proliferating cell nuclear antigen","Under-expressed","GA:HsL:Hs"
"5116","PCNT","pericentrin","Under-expressed",""
"22990","PCNX1","pecanex 1","Over-expressed",""
"5118","PCOLCE","procollagen C-endopeptidase enhancer","Under-expressed",""
"51449","PCYOX1","prenylcysteine oxidase 1","Over-expressed",""
"80380","PDCD1LG2","programmed cell death 1 ligand 2","Over-expressed",""
"5164","PDK2","pyruvate dehydrogenase kinase 2","Over-expressed",""
"8682","PEA15","proliferation and apoptosis adaptor protein 15","Over-expressed","CA:Hs"
"64065","PERP","p53 apoptosis effector related to PMP22","Over-expressed","L:Hs"
"5198","PFAS","phosphoribosylformylglycinamidine synthase","Under-expressed","GA:Sc"
"5214","PFKP","phosphofructokinase, platelet","Under-expressed","GA:Hsµ"
"93210","PGAP3","post-GPI attachment to proteins phospholipase 3","Over-expressed",""
"84547","PGBD1","piggyBac transposable element derived 1","Under-expressed",""
"283209","PGM2L1","phosphoglucomutase 2 like 1","Over-expressed",""
"10424","PGRMC2","progesterone receptor membrane component 2","Over-expressed",""
"11331","PHB2","prohibitin 2","Under-expressed","GA:ScGA:CeCA:Hs"
"1911","PHC1","polyhomeotic homolog 1","Under-expressed",""
"55274","PHF10","PHD finger protein 10","Under-expressed",""
"26147","PHF19","PHD finger protein 19","Under-expressed","DR:Mm"
"26227","PHGDH","phosphoglycerate dehydrogenase","Under-expressed","CA:Hs"
"57157","PHTF2","putative homeodomain transcription factor 2","Over-expressed",""
"80235","PIGZ","phosphatidylinositol glycan anchor biosynthesis class Z","Over-expressed",""
"113791","PIK3IP1","phosphoinositide-3-kinase interacting protein 1","Over-expressed",""
"8503","PIK3R3","phosphoinositide-3-kinase regulatory subunit 3","Over-expressed",""
"5292","PIM1","Pim-1 proto-oncogene, serine/threonine kinase","Under-expressed","CA:Hs"
"54478","PIMREG","PICALM interacting mitotic regulator","Under-expressed",""
"65018","PINK1","PTEN induced kinase 1","Over-expressed","GA:DmCA:Hs"
"79837","PIP4K2C","phosphatidylinositol-5-phosphate 4-kinase type 2 gamma","Over-expressed",""
"91461","PKDCC","protein kinase domain containing, cytoplasmic","Under-expressed",""
"9088","PKMYT1","protein kinase, membrane associated tyrosine/threonine 1","Under-expressed","GA:Sc"
"23659","PLA2G15","phospholipase A2 group XV","Over-expressed",""
"8605","PLA2G4C","phospholipase A2 group IVC","Over-expressed",""
"219348","PLAC9","placenta associated 9","Under-expressed",""
"5327","PLAT","plasminogen activator, tissue type","Over-expressed","L:Hs"
"5332","PLCB4","phospholipase C beta 4","Over-expressed","GA:Ce"
"59338","PLEKHA1","pleckstrin homology domain containing A1","Over-expressed",""
"51177","PLEKHO1","pleckstrin homology domain containing O1","Under-expressed",""
"5347","PLK1","polo like kinase 1","Under-expressed","CA:Hs"
"10733","PLK4","polo like kinase 4","Under-expressed",""
"5351","PLOD1","procollagen-lysine,2-oxoglutarate 5-dioxygenase 1","Over-expressed",""
"5352","PLOD2","procollagen-lysine,2-oxoglutarate 5-dioxygenase 2","Over-expressed",""
"196051","PLPP4","phospholipid phosphatase 4","Over-expressed",""
"57088","PLSCR4","phospholipid scramblase 4","Over-expressed","GA:CeGA:Hsµ"
"84898","PLXDC2","plexin domain containing 2","Over-expressed",""
"55558","PLXNA3","plexin A3","Over-expressed",""
"135293","PM20D2","peptidase M20 domain containing 2","Under-expressed",""
"10957","PNRC1","proline rich nuclear receptor coactivator 1","Over-expressed",""
"25886","POC1A","POC1 centriolar protein A","Under-expressed",""
"5420","PODXL","podocalyxin like","Over-expressed",""
"5422","POLA1","DNA polymerase alpha 1, catalytic subunit","Under-expressed","GA:CeGA:Hs"
"23649","POLA2","DNA polymerase alpha 2, accessory subunit","Under-expressed",""
"5424","POLD1","DNA polymerase delta 1, catalytic subunit","Under-expressed","GA:HsL:Hs"
"5425","POLD2","DNA polymerase delta 2, accessory subunit","Under-expressed",""
"10714","POLD3","DNA polymerase delta 3, accessory subunit","Under-expressed",""
"5426","POLE","DNA polymerase epsilon, catalytic subunit","Under-expressed","L:Hs"
"5427","POLE2","DNA polymerase epsilon 2, accessory subunit","Under-expressed",""
"10721","POLQ","DNA polymerase theta","Under-expressed",""
"5433","POLR2D","RNA polymerase II subunit D","Under-expressed",""
"55624","POMGNT1","protein O-linked mannose N-acetylglucosaminyltransferase 1 (beta 1,2-)","Over-expressed",""
"10631","POSTN","periostin","Under-expressed",""
"10465","PPIH","peptidylprolyl isomerase H","Under-expressed","L:Hs"
"5501","PPP1CC","protein phosphatase 1 catalytic subunit gamma","Under-expressed",""
"94274","PPP1R14A","protein phosphatase 1 regulatory inhibitor subunit 14A","Under-expressed",""
"5507","PPP1R3C","protein phosphatase 1 regulatory subunit 3C","Over-expressed",""
"11230","PRAF2","PRA1 domain family member 2","Over-expressed",""
"9055","PRC1","protein regulator of cytokinesis 1","Under-expressed",""
"9581","PREPL","prolyl endopeptidase like","Over-expressed",""
"166336","PRICKLE2","prickle planar cell polarity protein 2","Over-expressed",""
"5557","PRIM1","DNA primase subunit 1","Under-expressed",""
"5558","PRIM2","DNA primase subunit 2","Under-expressed",""
"201973","PRIMPOL","primase and DNA directed polymerase","Under-expressed",""
"5577","PRKAR2B","protein kinase cAMP-dependent type II regulatory subunit beta","Under-expressed","GA:ScGA:Mm"
"10196","PRMT3","protein arginine methyltransferase 3","Under-expressed","GA:Sc"
"55170","PRMT6","protein arginine methyltransferase 6","Under-expressed","GA:ScCA:Hs"
"5621","PRNP","prion protein","Over-expressed","GA:HsµL:Hs"
"84950","PRPF38A","pre-mRNA processing factor 38A","Under-expressed","GA:Ce"
"9128","PRPF4","pre-mRNA processing factor 4","Under-expressed",""
"5631","PRPS1","phosphoribosyl pyrophosphate synthetase 1","Over-expressed","GA:Sc"
"5634","PRPS2","phosphoribosyl pyrophosphate synthetase 2","Under-expressed","GA:Sc"
"55771","PRR11","proline rich 11","Under-expressed",""
"51334","PRR16","proline rich 16","Under-expressed",""
"5638","PRRG1","proline rich and Gla domain 1","Over-expressed",""
"5396","PRRX1","paired related homeobox 1","Under-expressed",""
"11098","PRSS23","serine protease 23","Over-expressed","GA:Hsµ"
"56952","PRTFDC1","phosphoribosyl transferase domain containing 1","Under-expressed",""
"5669","PSG1","pregnancy specific beta-1-glycoprotein 1","Over-expressed",""
"5670","PSG2","pregnancy specific beta-1-glycoprotein 2","Over-expressed",""
"5672","PSG4","pregnancy specific beta-1-glycoprotein 4","Over-expressed",""
"5673","PSG5","pregnancy specific beta-1-glycoprotein 5","Over-expressed",""
"5675","PSG6","pregnancy specific beta-1-glycoprotein 6","Over-expressed",""
"5676","PSG7","solute carrier family 38 member 1","Over-expressed",""
"5678","PSG9","pregnancy specific beta-1-glycoprotein 9","Over-expressed",""
"29893","PSMC3IP","PSMC3 interacting protein","Under-expressed",""
"5720","PSME1","proteasome activator subunit 1","Under-expressed",""
"84262","PSMG3","proteasome assembly chaperone 3","Under-expressed",""
"84722","PSRC1","proline and serine rich coiled-coil 1","Under-expressed",""
"9050","PSTPIP2","proline-serine-threonine phosphatase interacting protein 2","Over-expressed",""
"5725","PTBP1","polypyrimidine tract binding protein 1","Under-expressed",""
"9317","PTER","phosphotriesterase related","Under-expressed",""
"5742","PTGS1","prostaglandin-endoperoxide synthase 1","Under-expressed","GA:Hsµ"
"5757","PTMA","prothymosin alpha","Under-expressed",""
"5796","PTPRK","protein tyrosine phosphatase receptor type K","Over-expressed",""
"5797","PTPRM","protein tyrosine phosphatase receptor type M","Over-expressed",""
"9232","PTTG1","PTTG1 regulator of sister chromatid separation, securin","Under-expressed","CA:Hs"
"5806","PTX3","pentraxin 3","Under-expressed",""
"9933","PUM3","pumilio RNA binding family member 3","Under-expressed",""
"5827","PXMP2","peroxisomal membrane protein 2","Under-expressed","GA:Sc"
"29108","PYCARD","PYD and CARD domain containing","Under-expressed",""
"79832","QSER1","glutamine and serine rich 1","Under-expressed",""
"26056","RAB11FIP5","RAB11 family interacting protein 5","Over-expressed",""
"10966","RAB40B","RAB40B, member RAS oncogene family","Over-expressed",""
"51560","RAB6B","RAB6B, member RAS oncogene family","Over-expressed","GA:Sc"
"29127","RACGAP1","Rac GTPase activating protein 1","Under-expressed","CA:Hs"
"5885","RAD21","RAD21 cohesin complex component","Under-expressed","CA:Hs"
"5888","RAD51","RAD51 recombinase","Under-expressed","GA:ScGA:HsL:Hs"
"10635","RAD51AP1","RAD51 associated protein 1","Under-expressed",""
"5892","RAD51D","RAD51 paralog D","Under-expressed","GA:ScL:Hs"
"25788","RAD54B","RAD54 homolog B","Under-expressed",""
"8438","RAD54L","RAD54 like","Under-expressed","L:Hs"
"26064","RAI14","retinoic acid induced 14","Over-expressed","GA:HsµDR:Ce"
"5902","RANBP1","RAN binding protein 1","Under-expressed",""
"5920","RARRES3","phospholipase A and acyltransferase 4","Over-expressed",""
"65997","RASL11B","RAS like family 11 member B","Under-expressed",""
"5931","RBBP7","RB binding protein 7, chromatin remodeling factor","Under-expressed","GA:Sc"
"5932","RBBP8","RB binding protein 8, endonuclease","Under-expressed",""
"5933","RBL1","RB transcriptional corepressor like 1","Under-expressed","CA:Hs"
"221662","RBM24","RNA binding motif protein 24","Over-expressed",""
"27316","RBMX","RNA binding motif protein X-linked","Under-expressed",""
"5947","RBP1","retinol binding protein 1","Under-expressed","GA:CeGA:CeGA:CeGA:CeGA:DmGA:HsµCA:Hs"
"348093","RBPMS2","RNA binding protein, mRNA processing factor 2","Under-expressed","GA:Ce"
"57333","RCN3","reticulocalbin 3","Under-expressed","GA:Ce"
"7905","REEP5","receptor accessory protein 5","Over-expressed",""
"54884","RETSAT","retinol saturase","Over-expressed","GA:Hsµ"
"81691","REXO5","RNA exonuclease 5","Under-expressed",""
"5982","RFC2","replication factor C subunit 2","Under-expressed",""
"5983","RFC3","replication factor C subunit 3","Under-expressed",""
"5984","RFC4","replication factor C subunit 4","Under-expressed",""
"359845","RFLNB","refilin B","Under-expressed",""
"55159","RFWD3","ring finger and WD repeat domain 3","Under-expressed",""
"26575","RGS17","regulator of G protein signaling 17","Under-expressed",""
"57414","RHBDD2","rhomboid domain containing 2","Over-expressed","DR:Mm"
"58480","RHOU","ras homolog family member U","Over-expressed",""
"55183","RIF1","replication timing regulatory factor 1","Under-expressed",""
"22999","RIMS1","regulating synaptic membrane exocytosis 1","Over-expressed","GA:Ce"
"9610","RIN1","Ras and Rab interactor 1","Under-expressed",""
"54453","RIN2","Ras and Rab interactor 2","Over-expressed","GA:Hsµ"
"8780","RIOK3","RIO kinase 3","Over-expressed",""
"80010","RMI1","RecQ mediated genome instability 1","Under-expressed",""
"116028","RMI2","RecQ mediated genome instability 2","Under-expressed",""
"10535","RNASEH2A","ribonuclease H2 subunit A","Under-expressed","GA:ScCA:Hs"
"390","RND3","Rho family GTPase 3","Over-expressed",""
"7844","RNF103","ring finger protein 103","Over-expressed",""
"26994","RNF11","ring finger protein 11","Over-expressed",""
"51444","RNF138","ring finger protein 138","Under-expressed",""
"165918","RNF168","ring finger protein 168","Under-expressed",""
"6119","RPA3","replication protein A3","Under-expressed",""
"200916","RPL22L1","ribosomal protein L22 like 1","Under-expressed","GA:Sc"
"116832","RPL39L","ribosomal protein L39 like","Under-expressed","GA:Sc"
"6124","RPL4","ribosomal protein L4","Under-expressed","GA:CeGA:Hsµ"
"6125","RPL5","ribosomal protein L5","Under-expressed",""
"6217","RPS16","ribosomal protein S16","Under-expressed","GA:Ce"
"6203","RPS9","ribosomal protein S9","Under-expressed","CA:Hs"
"6237","RRAS","RAS related","Over-expressed","GA:ScGA:ScGA:Hsµ"
"6240","RRM1","ribonucleotide reductase catalytic subunit M1","Under-expressed","CA:Hs"
"6241","RRM2","ribonucleotide reductase regulatory subunit M2","Under-expressed","GA:CeCA:Hs"
"50484","RRM2B","ribonucleotide reductase regulatory TP53 inducible subunit M2B","Over-expressed","GA:CeCA:Hs"
"51319","RSRC1","arginine and serine rich coiled-coil 1","Under-expressed",""
"862","RUNX1T1","RUNX1 partner transcriptional co-repressor 1","Under-expressed",""
"8607","RUVBL1","RuvB like AAA ATPase 1","Under-expressed",""
"113174","SAAL1","serum amyloid A like 1","Under-expressed",""
"10055","SAE1","SUMO1 activating enzyme subunit 1","Under-expressed",""
"6294","SAFB","scaffold attachment factor B","Under-expressed",""
"401474","SAMD12","sterile alpha motif domain containing 12","Over-expressed",""
"54809","SAMD9","sterile alpha motif domain containing 9","Over-expressed",""
"219285","SAMD9L","sterile alpha motif domain containing 9 like","Over-expressed","GA:Hsµ"
"89958","SAPCD2","suppressor APC domain containing 2","Under-expressed",""
"51669","SARAF","store-operated calcium entry associated regulatory factor","Over-expressed",""
"6303","SAT1","spermidine/spermine N1-acetyltransferase 1","Over-expressed","GA:Hsµ"
"51435","SCARA3","scavenger receptor class A member 3","Under-expressed",""
"6319","SCD","stearoyl-CoA desaturase","Under-expressed","GA:Ce"
"79966","SCD5","stearoyl-CoA desaturase 5","Over-expressed","GA:Ce"
"7857","SCG2","secretogranin II","Over-expressed",""
"222663","SCUBE3","signal peptide, CUB domain and EGF like domain containing 3","Over-expressed",""
"57001","SDHAF3","succinate dehydrogenase complex assembly factor 3","Under-expressed",""
"81929","SEH1L","SEH1 like nucleoporin","Under-expressed",""
"8991","SELENBP1","selenium binding protein 1","Under-expressed","CA:Hs"
"140606","SELENOM","selenoprotein M","Over-expressed","GA:Hsµ"
"6415","SELENOW","selenoprotein W","Over-expressed",""
"10512","SEMA3C","semaphorin 3C","Over-expressed",""
"57556","SEMA6A","semaphorin 6A","Over-expressed","L:Hs"
"22929","SEPHS1","selenophosphate synthetase 1","Under-expressed",""
"57515","SERINC1","serine incorporator 1","Over-expressed",""
"347735","SERINC2","serine incorporator 2","Over-expressed",""
"10955","SERINC3","serine incorporator 3","Over-expressed","GA:Hsµ"
"5055","SERPINB2","serpin family B member 2","Over-expressed","CA:Hs"
"5176","SERPINF1","serpin family F member 1","Under-expressed","GA:Hsµ"
"5274","SERPINI1","serpin family I member 1","Over-expressed",""
"27244","SESN1","sestrin 1","Over-expressed","GA:Ce"
"6418","SET","SET nuclear proto-oncogene","Under-expressed",""
"23450","SF3B3","splicing factor 3b subunit 3","Under-expressed",""
"6421","SFPQ","splicing factor proline and glutamine rich","Under-expressed",""
"6422","SFRP1","secreted frizzled related protein 1","Under-expressed","GA:HsµCA:Hs"
"84251","SGIP1","SH3GL interacting endocytic adaptor 1","Over-expressed",""
"151648","SGO1","shugoshin 1","Under-expressed",""
"151246","SGO2","shugoshin 2","Under-expressed",""
"6448","SGSH","N-sulfoglucosamine sulfohydrolase","Over-expressed","L:Hs"
"9644","SH3PXD2A","SH3 and PX domains 2A","Over-expressed","GA:Hsµ"
"399694","SHC4","SHC adaptor protein 4","Over-expressed","GA:Ce"
"79801","SHCBP1","SHC binding and spindle associated 1","Under-expressed",""
"6472","SHMT2","serine hydroxymethyltransferase 2","Under-expressed","GA:ScGA:Sc"
"64374","SIL1","SIL1 nucleotide exchange factor","Over-expressed",""
"26037","SIPA1L1","signal induced proliferation associated 1 like 1","Over-expressed",""
"220134","SKA1","spindle and kinetochore associated complex subunit 1","Under-expressed",""
"348235","SKA2","spindle and kinetochore associated complex subunit 2","Under-expressed",""
"221150","SKA3","spindle and kinetochore associated complex subunit 3","Under-expressed",""
"6502","SKP2","S-phase kinase associated protein 2","Under-expressed","CA:Hs"
"9123","SLC16A3","solute carrier family 16 member 3","Over-expressed",""
"26503","SLC17A5","solute carrier family 17 member 5","Over-expressed",""
"6505","SLC1A1","solute carrier family 1 member 1","Over-expressed",""
"6507","SLC1A3","solute carrier family 1 member 3","Under-expressed",""
"6575","SLC20A2","solute carrier family 20 member 2","Over-expressed","GA:Sc"
"788","SLC25A20","solute carrier family 25 member 20","Over-expressed","GA:Sc"
"291","SLC25A4","solute carrier family 25 member 4","Over-expressed","GA:MmGA:ScGA:Sc"
"55972","SLC25A40","solute carrier family 25 member 40","Under-expressed","GA:Sc"
"283130","SLC25A45","solute carrier family 25 member 45","Over-expressed","GA:Sc"
"292","SLC25A5","solute carrier family 25 member 5","Under-expressed","GA:ScGA:ScGA:HsµCA:Hs"
"1318","SLC31A2","solute carrier family 31 member 2","Over-expressed","CA:Hs"
"54733","SLC35F2","solute carrier family 35 member F2","Under-expressed",""
"80255","SLC35F5","solute carrier family 35 member F5","Over-expressed",""
"92745","SLC38A5","solute carrier family 38 member 5","Under-expressed",""
"124935","SLC43A2","solute carrier family 43 member 2","Over-expressed",""
"29015","SLC43A3","solute carrier family 43 member 3","Under-expressed",""
"57153","SLC44A2","solute carrier family 44 member 2","Over-expressed",""
"283537","SLC46A3","solute carrier family 46 member 3","Over-expressed",""
"8884","SLC5A6","solute carrier family 5 member 6","Under-expressed",""
"8140","SLC7A5","solute carrier family 7 member 5","Under-expressed","GA:Dm"
"84679","SLC9A7","solute carrier family 9 member A7","Over-expressed",""
"91607","SLFN11","schlafen family member 11","Under-expressed",""
"55106","SLFN12","schlafen family member 12","Over-expressed",""
"9353","SLIT2","slit guidance ligand 2","Under-expressed",""
"10592","SMC2","structural maintenance of chromosomes 2","Under-expressed","CA:Hs"
"9126","SMC3","structural maintenance of chromosomes 3","Under-expressed",""
"10051","SMC4","structural maintenance of chromosomes 4","Under-expressed","GA:Ce"
"23347","SMCHD1","structural maintenance of chromosomes flexible hinge domain containing 1","Under-expressed",""
"6609","SMPD1","sphingomyelin phosphodiesterase 1","Over-expressed","GA:Ce"
"64750","SMURF2","SMAD specific E3 ubiquitin protein ligase 2","Over-expressed","CA:Hs"
"9627","SNCAIP","synuclein alpha interacting protein","Under-expressed",""
"9751","SNPH","syntaphilin","Over-expressed",""
"9410","SNRNP40","small nuclear ribonucleoprotein U5 subunit 40","Under-expressed",""
"6626","SNRPA","small nuclear ribonucleoprotein polypeptide A","Under-expressed",""
"6628","SNRPB","small nuclear ribonucleoprotein polypeptides B and B1","Under-expressed",""
"6629","SNRPB2","small nuclear ribonucleoprotein polypeptide B2","Under-expressed",""
"6631","SNRPC","small nuclear ribonucleoprotein polypeptide C","Under-expressed","GA:Ce"
"6632","SNRPD1","small nuclear ribonucleoprotein D1 polypeptide","Under-expressed",""
"6635","SNRPE","small nuclear ribonucleoprotein polypeptide E","Under-expressed",""
"6636","SNRPF","small nuclear ribonucleoprotein polypeptide F","Under-expressed",""
"27131","SNX5","sorting nexin 5","Under-expressed",""
"8835","SOCS2","suppressor of cytokine signaling 2","Under-expressed","GA:MmGA:HsL:Hs"
"6272","SORT1","sortilin 1","Over-expressed","GA:Sc"
"6664","SOX11","SRY-box transcription factor 11","Under-expressed","GA:Hsµ"
"6659","SOX4","SRY-box transcription factor 4","Over-expressed","GA:HsµCA:Hs"
"3431","SP110","SP110 nuclear body protein","Over-expressed",""
"10615","SPAG5","sperm associated antigen 5","Under-expressed",""
"6678","SPARC","secreted protein acidic and cysteine rich","Over-expressed","GA:HsµCA:Hs"
"132671","SPATA18","spermatogenesis associated 18","Over-expressed",""
"57405","SPC25","SPC25 component of NDC80 kinetochore complex","Under-expressed",""
"8877","SPHK1","sphingosine kinase 1","Under-expressed","DR:ScCA:Hs"
"58472","SQOR","sulfide quinone oxidoreductase","Over-expressed",""
"6428","SRSF3","serine and arginine rich splicing factor 3","Under-expressed","GA:ScCA:Hs"
"6432","SRSF7","serine and arginine rich splicing factor 7","Under-expressed","GA:Sc"
"6749","SSRP1","structure specific recognition protein 1","Under-expressed","GA:Ce"
"117178","SSX2IP","SSX family member 2 interacting protein","Under-expressed",""
"6772","STAT1","signal transducer and activator of transcription 1","Over-expressed","GA:DmGA:HsµCA:Hs"
"6781","STC1","stanniocalcin 1","Over-expressed",""
"8614","STC2","stanniocalcin 2","Over-expressed",""
"6491","STIL","STIL centriolar assembly protein","Under-expressed",""
"51765","STK26","serine/threonine kinase 26","Under-expressed",""
"3925","STMN1","stathmin 1","Under-expressed",""
"50861","STMN3","stathmin 3","Under-expressed",""
"30968","STOML2","stomatin like 2","Under-expressed",""
"412","STS","steroid sulfatase","Over-expressed",""
"23673","STX12","integral membrane protein 2C","Over-expressed","GA:Sc"
"55359","STYK1","serine/threonine/tyrosine kinase 1","Over-expressed",""
"8801","SUCLG2","succinate-CoA ligase GDP-forming subunit beta","Under-expressed","GA:Sc"
"79783","SUGCT","succinyl-CoA:glutarate-CoA transferase","Over-expressed",""
"23213","SULF1","sulfatase 1","Over-expressed",""
"55959","SULF2","sulfatase 2","Over-expressed",""
"11198","SUPT16H","SPT16 homolog, facilitates chromatin remodeling subunit","Under-expressed",""
"79723","SUV39H2","suppressor of variegation 3-9 homolog 2","Under-expressed","GA:Sc"
"9900","SV2A","synaptic vesicle glycoprotein 2A","Under-expressed",""
"6840","SVIL","supervillin","Over-expressed",""
"10492","SYNCRIP","synaptotagmin binding cytoplasmic RNA interacting protein","Under-expressed",""
"9145","SYNGR1","synaptogyrin 1","Over-expressed",""
"9144","SYNGR2","synaptogyrin 2","Over-expressed",""
"6857","SYT1","synaptotagmin 1","Over-expressed","CA:Hs"
"10460","TACC3","transforming acidic coiled-coil containing protein 3","Under-expressed","CA:Hs"
"6884","TAF13","TATA-box binding protein associated factor 13","Over-expressed",""
"9015","TAF1A","TATA-box binding protein associated factor, RNA polymerase I subunit A","Under-expressed",""
"9014","TAF1B","TATA-box binding protein associated factor, RNA polymerase I subunit B","Under-expressed",""
"6877","TAF5","TATA-box binding protein associated factor 5","Under-expressed",""
"85461","TANC1","tetratricopeptide repeat, ankyrin repeat and coiled-coil containing 1","Over-expressed","GA:Hsµ"
"128989","TANGO2","transport and golgi organization 2 homolog","Over-expressed",""
"6890","TAP1","transporter 1, ATP binding cassette subfamily B member","Over-expressed","GA:Hsµ"
"6892","TAPBP","TAP binding protein","Over-expressed","GA:Hsµ"
"55296","TBC1D19","TBC1 domain family member 19","Over-expressed",""
"23158","TBC1D9","TBC1 domain family member 9","Over-expressed",""
"10915","TCERG1","transcription elongation regulator 1","Under-expressed","GA:Ce"
"6941","TCF19","transcription factor 19","Under-expressed","L:Hs"
"6929","TCF3","transcription factor 3","Under-expressed","GA:Hs"
"6949","TCOF1","treacle ribosome biogenesis factor 1","Under-expressed",""
"6950","TCP1","t-complex 1","Under-expressed","GA:Ce"
"26123","TCTN3","tectonic family member 3","Over-expressed",""
"93081","TEX30","testis expressed 30","Under-expressed",""
"7019","TFAM","transcription factor A, mitochondrial","Under-expressed","L:Hs"
"7042","TGFB2","transforming growth factor beta 2","Over-expressed","GA:DmL:HsCA:Hs"
"7052","TGM2","transglutaminase 2","Over-expressed","GA:Hsµ"
"10618","TGOLN2","trans-golgi network protein 2","Over-expressed",""
"7057","THBS1","thrombospondin 1","Over-expressed",""
"54974","THG1L","tRNA-histidine guanylyltransferase 1 like","Under-expressed",""
"9984","THOC1","THO complex 1","Under-expressed",""
"92610","TIFA","TRAF interacting protein with forkhead associated domain","Under-expressed",""
"57103","TIGAR","TP53 induced glycolysis regulatory phosphatase","Over-expressed","CA:Hs"
"8914","TIMELESS","timeless circadian regulator","Under-expressed","CA:Hs"
"7077","TIMP2","TIMP metallopeptidase inhibitor 2","Over-expressed","GA:Hsµ"
"7078","TIMP3","TIMP metallopeptidase inhibitor 3","Over-expressed","GA:Hsµ"
"54962","TIPIN","TIMELESS interacting protein","Under-expressed",""
"7083","TK1","thymidine kinase 1","Under-expressed",""
"7098","TLR3","toll like receptor 3","Over-expressed","CA:Hs"
"83941","TM2D1","TM2 domain containing 1","Over-expressed",""
"51768","TM7SF3","transmembrane 7 superfamily member 3","Over-expressed","GA:Hsµ"
"55319","TMA16","translation machinery associated 16 homolog","Under-expressed",""
"64114","TMBIM1","transmembrane BAX inhibitor motif containing 1","Over-expressed",""
"54664","TMEM106B","transmembrane protein 106B","Over-expressed",""
"338773","TMEM119","transmembrane protein 119","Under-expressed",""
"55654","TMEM127","transmembrane protein 127","Over-expressed",""
"23505","TMEM131","transmembrane protein 131","Over-expressed",""
"100507421","TMEM178B","transmembrane protein 178B","Over-expressed",""
"221468","TMEM217","transmembrane protein 217","Over-expressed",""
"26175","TMEM251","transmembrane protein 251","Under-expressed",""
"55754","TMEM30A","transmembrane protein 30A","Over-expressed",""
"59353","TMEM35A","transmembrane protein 35A","Over-expressed",""
"55076","TMEM45A","transmembrane protein 45A","Over-expressed",""
"83604","TMEM47","transmembrane protein 47","Over-expressed",""
"9528","TMEM59","transmembrane protein 59","Over-expressed",""
"56674","TMEM9B","TMEM9 domain family member B","Over-expressed","CA:Hs"
"7112","TMPO","thymopoietin","Under-expressed",""
"83857","TMTC1","transmembrane O-mannosyltransferase targeting cadherins 1","Over-expressed","GA:Hsµ"
"8795","TNFRSF10B","TNF receptor superfamily member 10b","Over-expressed",""
"8793","TNFRSF10D","TNF receptor superfamily member 10d","Over-expressed",""
"55504","TNFRSF19","TNF receptor superfamily member 19","Under-expressed",""
"7133","TNFRSF1B","TNF receptor superfamily member 1B","Under-expressed",""
"27242","TNFRSF21","TNF receptor superfamily member 21","Over-expressed",""
"8743","TNFSF10","TNF superfamily member 10","Over-expressed","DR:Mm"
"10140","TOB1","transducer of ERBB2, 1","Over-expressed","DR:Mm"
"10452","TOMM40","translocase of outer mitochondrial membrane 40","Under-expressed","L:Hs"
"7153","TOP2A","DNA topoisomerase II alpha","Under-expressed","GA:Hs"
"11073","TOPBP1","DNA topoisomerase II binding protein 1","Under-expressed","CA:Hs"
"94241","TP53INP1","tumor protein p53 inducible nuclear protein 1","Over-expressed","GA:HsµCA:Hs"
"7168","TPM1","tropomyosin 1","Over-expressed",""
"7169","TPM2","tropomyosin 2","Over-expressed",""
"127262","TPRG1L","tumor protein p63 regulated 1 like","Over-expressed",""
"51002","TPRKB","TP53RK binding protein","Under-expressed",""
"22974","TPX2","TPX2 microtubule nucleation factor","Under-expressed","CA:Hs"
"6434","TRA2B","transformer 2 beta homolog","Under-expressed","CA:Hs"
"10131","TRAP1","TNF receptor associated protein 1","Under-expressed","GA:Hs"
"10346","TRIM22","tripartite motif containing 22","Over-expressed",""
"10155","TRIM28","tripartite motif containing 28","Under-expressed","CA:Hs"
"286827","TRIM59","tripartite motif containing 59","Under-expressed","GA:Ce"
"117854","TRIM6","tripartite motif containing 6","Under-expressed",""
"9319","TRIP13","thyroid hormone receptor interactor 13","Under-expressed","GA:ScGA:Ce"
"57570","TRMT5","tRNA methyltransferase 5","Under-expressed",""
"10024","TROAP","trophinin associated protein","Under-expressed",""
"51393","TRPV2","transient receptor potential cation channel subfamily V member 2","Over-expressed","GA:Ce"
"8848","TSC22D1","TSC22 domain family member 1","Over-expressed","GA:HsµCA:Hs"
"116461","TSEN15","tRNA splicing endonuclease subunit 15","Under-expressed",""
"441631","TSPAN11","tetraspanin 11","Over-expressed",""
"27075","TSPAN13","tetraspanin 13","Over-expressed",""
"7270","TTF1","transcription termination factor 1","Under-expressed",""
"7272","TTK","TTK protein kinase","Under-expressed","CA:Hs"
"10376","TUBA1B","tubulin alpha 1b","Under-expressed",""
"203068","TUBB","tubulin beta class I","Under-expressed",""
"10383","TUBB4B","tubulin beta 4B class IVb","Under-expressed",""
"27175","TUBG2","tubulin gamma 2","Over-expressed",""
"10426","TUBGCP3","tubulin gamma complex associated protein 3","Under-expressed",""
"286319","TUSC1","tumor suppressor candidate 1","Under-expressed",""
"51030","TVP23B","trans-golgi network vesicle protein 23 homolog B","Over-expressed","GA:Sc"
"7291","TWIST1","twist family bHLH transcription factor 1","Under-expressed","CA:Hs"
"10628","TXNIP","thioredoxin interacting protein","Over-expressed","GA:HsµCA:Hs"
"7298","TYMS","thymidylate synthetase","Under-expressed","CA:Hs"
"10054","UBA2","ubiquitin like modifier activating enzyme 2","Under-expressed",""
"11065","UBE2C","ubiquitin conjugating enzyme E2 C","Under-expressed","CA:Hs"
"7328","UBE2H","ubiquitin conjugating enzyme E2 H","Over-expressed","GA:ScL:Hs"
"27338","UBE2S","ubiquitin conjugating enzyme E2 S","Under-expressed","DR:Sc"
"29089","UBE2T","ubiquitin conjugating enzyme E2 T","Under-expressed",""
"130507","UBR3","ubiquitin protein ligase E3 component n-recognin 3","Over-expressed","GA:Sc"
"55148","UBR7","ubiquitin protein ligase E3 component n-recognin 7","Under-expressed",""
"7345","UCHL1","ubiquitin C-terminal hydrolase L1","Over-expressed","GA:CeGA:CeGA:ScGA:Hs"
"51377","UCHL5","ubiquitin C-terminal hydrolase L5","Under-expressed","GA:Ce"
"29128","UHRF1","ubiquitin like with PHD and ring finger domains 1","Under-expressed","CA:Hs"
"80328","ULBP2","UL16 binding protein 2","Over-expressed",""
"7372","UMPS","uridine monophosphate synthetase","Under-expressed",""
"9816","URB2","URB2 ribosome biogenesis homolog","Under-expressed",""
"7398","USP1","ubiquitin specific peptidase 1","Under-expressed","CA:Hs"
"9960","USP3","ubiquitin specific peptidase 3","Under-expressed","GA:Sc"
"54532","USP53","ubiquitin specific peptidase 53","Over-expressed",""
"51118","UTP11","UTP11 small subunit processome component","Under-expressed",""
"27340","UTP20","UTP20 small subunit processome component","Under-expressed",""
"6844","VAMP2","vesicle associated membrane protein 2","Over-expressed",""
"79001","VKORC1","vitamin K epoxide reductase complex subunit 1","Over-expressed",""
"27072","VPS41","VPS41 subunit of HOPS complex","Over-expressed","GA:DmGA:Sc"
"7443","VRK1","VRK serine/threonine kinase 1","Under-expressed","GA:Ce"
"80232","WDR26","WD repeat domain 26","Over-expressed","GA:CeGA:Sc"
"89891","WDR34","WD repeat domain 34","Under-expressed",""
"22911","WDR47","WD repeat domain 47","Over-expressed",""
"11091","WDR5","WD repeat domain 5","Under-expressed","GA:Ce"
"84058","WDR54","WD repeat domain 54","Under-expressed",""
"126820","WDR63","WD repeat domain 63","Over-expressed",""
"84128","WDR75","WD repeat domain 75","Under-expressed",""
"79968","WDR76","WD repeat domain 76","Under-expressed",""
"55093","WDYHV1","N-terminal glutamine amidase 1","Under-expressed",""
"7466","WFS1","wolframin ER transmembrane glycoprotein","Over-expressed","L:Hs"
"7474","WNT5A","Wnt family member 5A","Over-expressed","CA:Hs"
"7514","XPO1","exportin 1","Under-expressed","CA:Hs"
"8089","YEATS4","YEATS domain containing 4","Under-expressed","CA:Hs"
"51646","YPEL5","yippee like 5","Over-expressed","GA:CeGA:Sc"
"26137","ZBTB20","zinc finger and BTB domain containing 20","Over-expressed","L:Hs"
"57659","ZBTB4","zinc finger and BTB domain containing 4","Over-expressed",""
"64429","ZDHHC6","zinc finger DHHC-type palmitoyltransferase 6","Under-expressed","GA:Sc"
"79752","ZFAND1","zinc finger AN1-type containing 1","Under-expressed",""
"7763","ZFAND5","zinc finger AN1-type containing 5","Over-expressed",""
"79776","ZFHX4","zinc finger homeobox 4","Under-expressed","GA:Ce"
"53349","ZFYVE1","zinc finger FYVE-type containing 1","Over-expressed",""
"64393","ZMAT3","zinc finger matrin-type 3","Over-expressed","CA:Hs"
"7570","ZNF22","zinc finger protein 22","Under-expressed",""
"91975","ZNF300","zinc finger protein 300","Under-expressed",""
"195828","ZNF367","zinc finger protein 367","Under-expressed","GA:Hsµ"
"118472","ZNF511","zinc finger protein 511","Under-expressed",""
"147948","ZNF582","zinc finger protein 582","Over-expressed",""
"162963","ZNF610","zinc finger protein 610","Over-expressed",""
"389114","ZNF662","zinc finger protein 662","Under-expressed",""
"7552","ZNF711","zinc finger protein 711","Under-expressed",""
"57169","ZNFX1","zinc finger NFX1-type containing 1","Over-expressed",""
"9183","ZW10","zw10 kinetochore protein","Under-expressed","L:Hs"
"55055","ZWILCH","zwilch kinetochore protein","Under-expressed",""
"11130","ZWINT","ZW10 interacting kinetochore protein","Under-expressed","L:Hs"